"Asset","Model","Confidence_Level","VaR_Method","Violations","Total_Obs","Violation_Rate","Expected_Rate","Kupiec_PValue","Christoffersen_PValue","DQ_PValue"
"NVDA","sGARCH_norm_Historical",0.95,"Historical",64,903,0.070874861572536,0.05,0.00661166536461011,0.456114108430775,0.0269452764816414
"NVDA","sGARCH_norm_Parametric",0.95,"Parametric",52,903,0.0575858250276855,0.05,0.306614797762293,0.970549950280655,0.0168394670421883
"NVDA","sGARCH_norm_GARCH",0.95,"GARCH",39,903,0.0431893687707641,0.05,0.336805932984113,0.574157311537923,0.0654925545641877
"NVDA","sGARCH_norm_Historical",0.99,"Historical",6,903,0.00664451827242525,0.01,0.280483959269858,NA,0.988087517633998
"NVDA","sGARCH_norm_Parametric",0.99,"Parametric",14,903,0.0155038759689922,0.01,0.124018663009527,NA,0.262831676875943
"NVDA","sGARCH_norm_GARCH",0.99,"GARCH",7,903,0.00775193798449612,0.01,0.479669283904298,NA,0.978653092958545
"NVDA","sGARCH_sstd_Historical",0.95,"Historical",64,903,0.070874861572536,0.05,0.00661166536461011,0.456114108430775,0.0269452764816414
"NVDA","sGARCH_sstd_Parametric",0.95,"Parametric",52,903,0.0575858250276855,0.05,0.306614797762293,0.970549950280655,0.0168394670421883
"NVDA","sGARCH_sstd_GARCH",0.95,"GARCH",49,903,0.0542635658914729,0.05,0.561771434558039,0.801455953887463,0.424005056120836
"NVDA","sGARCH_sstd_Historical",0.99,"Historical",6,903,0.00664451827242525,0.01,0.280483959269858,NA,0.988087517633998
"NVDA","sGARCH_sstd_Parametric",0.99,"Parametric",14,903,0.0155038759689922,0.01,0.124018663009527,NA,0.262831676875943
"NVDA","sGARCH_sstd_GARCH",0.99,"GARCH",4,903,0.0044296788482835,0.01,0.0586842476065826,NA,0.997529594125242
"NVDA","eGARCH_Historical",0.95,"Historical",64,903,0.070874861572536,0.05,0.00661166536461011,0.456114108430775,0.0269452764816414
"NVDA","eGARCH_Parametric",0.95,"Parametric",52,903,0.0575858250276855,0.05,0.306614797762293,0.970549950280655,0.0168394670421883
"NVDA","eGARCH_GARCH",0.95,"GARCH",42,903,0.0465116279069767,0.05,0.626660242003722,0.45130411853168,0.0821686375354468
"NVDA","eGARCH_Historical",0.99,"Historical",6,903,0.00664451827242525,0.01,0.280483959269858,NA,0.988087517633998
"NVDA","eGARCH_Parametric",0.99,"Parametric",14,903,0.0155038759689922,0.01,0.124018663009527,NA,0.262831676875943
"NVDA","eGARCH_GARCH",0.99,"GARCH",4,903,0.0044296788482835,0.01,0.0586842476065826,NA,0.997529594125244
"NVDA","gjrGARCH_Historical",0.95,"Historical",64,903,0.070874861572536,0.05,0.00661166536461011,0.456114108430775,0.0269452764816414
"NVDA","gjrGARCH_Parametric",0.95,"Parametric",52,903,0.0575858250276855,0.05,0.306614797762293,0.970549950280655,0.0168394670421883
"NVDA","gjrGARCH_GARCH",0.95,"GARCH",45,903,0.0498338870431894,0.05,0.9817177051124,0.8883041211948,0.695677329321444
"NVDA","gjrGARCH_Historical",0.99,"Historical",6,903,0.00664451827242525,0.01,0.280483959269858,NA,0.988087517633998
"NVDA","gjrGARCH_Parametric",0.99,"Parametric",14,903,0.0155038759689922,0.01,0.124018663009527,NA,0.262831676875943
"NVDA","gjrGARCH_GARCH",0.99,"GARCH",3,903,0.00332225913621262,0.01,0.019137121459665,NA,0.999206271532834
"NVDA","TGARCH_Historical",0.95,"Historical",64,903,0.070874861572536,0.05,0.00661166536461011,0.456114108430775,0.0269452764816414
"NVDA","TGARCH_Parametric",0.95,"Parametric",52,903,0.0575858250276855,0.05,0.306614797762293,0.970549950280655,0.0168394670421883
"NVDA","TGARCH_GARCH",0.95,"GARCH",41,903,0.0454042081949059,0.05,0.520071972228371,0.490294756634549,0.0797788236176825
"NVDA","TGARCH_Historical",0.99,"Historical",6,903,0.00664451827242525,0.01,0.280483959269858,NA,0.988087517633998
"NVDA","TGARCH_Parametric",0.99,"Parametric",14,903,0.0155038759689922,0.01,0.124018663009527,NA,0.262831676875943
"NVDA","TGARCH_GARCH",0.99,"GARCH",6,903,0.00664451827242525,0.01,0.280483959269858,NA,0.988087517633963
"MSFT","sGARCH_norm_Historical",0.95,"Historical",60,903,0.0664451827242525,0.05,0.0304966700254172,0.60082448470929,0.551445571012769
"MSFT","sGARCH_norm_Parametric",0.95,"Parametric",45,903,0.0498338870431894,0.05,0.9817177051124,0.261544698546182,0.645095435869997
"MSFT","sGARCH_norm_GARCH",0.95,"GARCH",58,903,0.0642303433001107,0.05,0.0596902846381926,0.501082124348954,0.684638605602695
"MSFT","sGARCH_norm_Historical",0.99,"Historical",2,903,0.00221483942414175,0.01,0.0044620389843526,NA,0.999841744123726
"MSFT","sGARCH_norm_Parametric",0.99,"Parametric",12,903,0.0132890365448505,0.01,0.344292898745838,0.146156811371543,0.233137194923419
"MSFT","sGARCH_norm_GARCH",0.99,"GARCH",16,903,0.017718715393134,0.01,0.0355273643017773,NA,0.665278144560663
"MSFT","sGARCH_sstd_Historical",0.95,"Historical",60,903,0.0664451827242525,0.05,0.0304966700254172,0.60082448470929,0.551445571012769
"MSFT","sGARCH_sstd_Parametric",0.95,"Parametric",45,903,0.0498338870431894,0.05,0.9817177051124,0.261544698546182,0.645095435869997
"MSFT","sGARCH_sstd_GARCH",0.95,"GARCH",58,903,0.0642303433001107,0.05,0.0596902846381926,0.501082124348954,0.684638605602695
"MSFT","sGARCH_sstd_Historical",0.99,"Historical",2,903,0.00221483942414175,0.01,0.0044620389843526,NA,0.999841744123726
"MSFT","sGARCH_sstd_Parametric",0.99,"Parametric",12,903,0.0132890365448505,0.01,0.344292898745838,0.146156811371543,0.233137194923419
"MSFT","sGARCH_sstd_GARCH",0.99,"GARCH",9,903,0.00996677740863787,0.01,0.991990030572707,NA,0.946380861136597
"MSFT","eGARCH_Historical",0.95,"Historical",60,903,0.0664451827242525,0.05,0.0304966700254172,0.60082448470929,0.551445571012769
"MSFT","eGARCH_Parametric",0.95,"Parametric",45,903,0.0498338870431894,0.05,0.9817177051124,0.261544698546182,0.645095435869997
"MSFT","eGARCH_GARCH",0.95,"GARCH",56,903,0.062015503875969,0.05,0.109717203158412,0.36323140682018,0.66741119929051
"MSFT","eGARCH_Historical",0.99,"Historical",2,903,0.00221483942414175,0.01,0.0044620389843526,NA,0.999841744123726
"MSFT","eGARCH_Parametric",0.99,"Parametric",12,903,0.0132890365448505,0.01,0.344292898745838,0.146156811371543,0.233137194923419
"MSFT","eGARCH_GARCH",0.99,"GARCH",9,903,0.00996677740863787,0.01,0.991990030572707,NA,0.946380861136635
"MSFT","gjrGARCH_Historical",0.95,"Historical",60,903,0.0664451827242525,0.05,0.0304966700254172,0.60082448470929,0.551445571012769
"MSFT","gjrGARCH_Parametric",0.95,"Parametric",45,903,0.0498338870431894,0.05,0.9817177051124,0.261544698546182,0.645095435869997
"MSFT","gjrGARCH_GARCH",0.95,"GARCH",56,903,0.062015503875969,0.05,0.109717203158412,0.36323140682018,0.80305432035797
"MSFT","gjrGARCH_Historical",0.99,"Historical",2,903,0.00221483942414175,0.01,0.0044620389843526,NA,0.999841744123726
"MSFT","gjrGARCH_Parametric",0.99,"Parametric",12,903,0.0132890365448505,0.01,0.344292898745838,0.146156811371543,0.233137194923419
"MSFT","gjrGARCH_GARCH",0.99,"GARCH",10,903,0.0110741971207087,0.01,0.749790242865338,NA,0.922326437963827
"MSFT","TGARCH_Historical",0.95,"Historical",60,903,0.0664451827242525,0.05,0.0304966700254172,0.60082448470929,0.551445571012769
"MSFT","TGARCH_Parametric",0.95,"Parametric",45,903,0.0498338870431894,0.05,0.9817177051124,0.261544698546182,0.645095435869997
"MSFT","TGARCH_GARCH",0.95,"GARCH",55,903,0.0609080841638981,0.05,0.145267505529606,0.113447778447618,0.342447891785247
"MSFT","TGARCH_Historical",0.99,"Historical",2,903,0.00221483942414175,0.01,0.0044620389843526,NA,0.999841744123726
"MSFT","TGARCH_Parametric",0.99,"Parametric",12,903,0.0132890365448505,0.01,0.344292898745838,0.146156811371543,0.233137194923419
"MSFT","TGARCH_GARCH",0.99,"GARCH",9,903,0.00996677740863787,0.01,0.991990030572707,NA,0.946380861136635
"PG","sGARCH_norm_Historical",0.95,"Historical",46,903,0.0509413067552602,0.05,0.897038488635931,0.0318442370158474,0.0566899892499825
"PG","sGARCH_norm_Parametric",0.95,"Parametric",33,903,0.0365448504983389,0.05,0.0518247193415707,0.14867259994362,0.288112590491155
"PG","sGARCH_norm_GARCH",0.95,"GARCH",40,903,0.044296788482835,0.05,0.422991227635919,0.861525843170788,0.286613504600341
"PG","sGARCH_norm_Historical",0.99,"Historical",7,903,0.00775193798449612,0.01,0.479669283904298,NA,0.978653092958582
"PG","sGARCH_norm_Parametric",0.99,"Parametric",12,903,0.0132890365448505,0.01,0.344292898745838,NA,0.856945700567752
"PG","sGARCH_norm_GARCH",0.99,"GARCH",15,903,0.0166112956810631,0.01,0.0682384889707349,NA,0.719158925822177
"PG","sGARCH_sstd_Historical",0.95,"Historical",46,903,0.0509413067552602,0.05,0.897038488635931,0.0318442370158474,0.0566899892499825
"PG","sGARCH_sstd_Parametric",0.95,"Parametric",33,903,0.0365448504983389,0.05,0.0518247193415707,0.14867259994362,0.288112590491155
"PG","sGARCH_sstd_GARCH",0.95,"GARCH",43,903,0.0476190476190476,0.05,0.740794171808327,0.970704557279843,0.142982727261195
"PG","sGARCH_sstd_Historical",0.99,"Historical",7,903,0.00775193798449612,0.01,0.479669283904298,NA,0.978653092958582
"PG","sGARCH_sstd_Parametric",0.99,"Parametric",12,903,0.0132890365448505,0.01,0.344292898745838,NA,0.856945700567752
"PG","sGARCH_sstd_GARCH",0.99,"GARCH",10,903,0.0110741971207087,0.01,0.749790242865338,NA,0.922326437963746
"PG","eGARCH_Historical",0.95,"Historical",46,903,0.0509413067552602,0.05,0.897038488635931,0.0318442370158474,0.0566899892499825
"PG","eGARCH_Parametric",0.95,"Parametric",33,903,0.0365448504983389,0.05,0.0518247193415707,0.14867259994362,0.288112590491155
"PG","eGARCH_GARCH",0.95,"GARCH",42,903,0.0465116279069767,0.05,0.626660242003722,0.973557479977385,0.322175683331569
"PG","eGARCH_Historical",0.99,"Historical",7,903,0.00775193798449612,0.01,0.479669283904298,NA,0.978653092958582
"PG","eGARCH_Parametric",0.99,"Parametric",12,903,0.0132890365448505,0.01,0.344292898745838,NA,0.856945700567752
"PG","eGARCH_GARCH",0.99,"GARCH",11,903,0.0121816168327796,0.01,0.5240638502762,NA,0.892526353283826
"PG","gjrGARCH_Historical",0.95,"Historical",46,903,0.0509413067552602,0.05,0.897038488635931,0.0318442370158474,0.0566899892499825
"PG","gjrGARCH_Parametric",0.95,"Parametric",33,903,0.0365448504983389,0.05,0.0518247193415707,0.14867259994362,0.288112590491155
"PG","gjrGARCH_GARCH",0.95,"GARCH",41,903,0.0454042081949059,0.05,0.520071972228371,0.917547958844848,0.325869273620991
"PG","gjrGARCH_Historical",0.99,"Historical",7,903,0.00775193798449612,0.01,0.479669283904298,NA,0.978653092958582
"PG","gjrGARCH_Parametric",0.99,"Parametric",12,903,0.0132890365448505,0.01,0.344292898745838,NA,0.856945700567752
"PG","gjrGARCH_GARCH",0.99,"GARCH",11,903,0.0121816168327796,0.01,0.5240638502762,NA,0.892526353283826
"PG","TGARCH_Historical",0.95,"Historical",46,903,0.0509413067552602,0.05,0.897038488635931,0.0318442370158474,0.0566899892499825
"PG","TGARCH_Parametric",0.95,"Parametric",33,903,0.0365448504983389,0.05,0.0518247193415707,0.14867259994362,0.288112590491155
"PG","TGARCH_GARCH",0.95,"GARCH",41,903,0.0454042081949059,0.05,0.520071972228371,0.917547958844848,0.422553869290516
"PG","TGARCH_Historical",0.99,"Historical",7,903,0.00775193798449612,0.01,0.479669283904298,NA,0.978653092958582
"PG","TGARCH_Parametric",0.99,"Parametric",12,903,0.0132890365448505,0.01,0.344292898745838,NA,0.856945700567752
"PG","TGARCH_GARCH",0.99,"GARCH",10,903,0.0110741971207087,0.01,0.749790242865338,NA,0.922326437963746
"CAT","sGARCH_norm_Historical",0.95,"Historical",31,903,0.0343300110741971,0.05,0.0223293615881986,0.39944963233989,0.145232014681503
"CAT","sGARCH_norm_Parametric",0.95,"Parametric",30,903,0.0332225913621262,0.05,0.0139978037118124,0.357032985197729,0.129419933871833
"CAT","sGARCH_norm_GARCH",0.95,"GARCH",41,903,0.0454042081949059,0.05,0.520071972228371,0.00971888006354305,0.0261840951725142
"CAT","sGARCH_norm_Historical",0.99,"Historical",5,903,0.00553709856035437,0.01,0.141001490387177,NA,0.994096040888218
"CAT","sGARCH_norm_Parametric",0.99,"Parametric",12,903,0.0132890365448505,0.01,0.344292898745838,NA,0.558243873395922
"CAT","sGARCH_norm_GARCH",0.99,"GARCH",18,903,0.0199335548172757,0.01,0.00822505696657794,NA,0.209957913801803
"CAT","sGARCH_sstd_Historical",0.95,"Historical",31,903,0.0343300110741971,0.05,0.0223293615881986,0.39944963233989,0.145232014681503
"CAT","sGARCH_sstd_Parametric",0.95,"Parametric",30,903,0.0332225913621262,0.05,0.0139978037118124,0.357032985197729,0.129419933871833
"CAT","sGARCH_sstd_GARCH",0.95,"GARCH",48,903,0.053156146179402,0.05,0.666512134369931,0.0480795232800136,0.0774355607347907
"CAT","sGARCH_sstd_Historical",0.99,"Historical",5,903,0.00553709856035437,0.01,0.141001490387177,NA,0.994096040888218
"CAT","sGARCH_sstd_Parametric",0.99,"Parametric",12,903,0.0132890365448505,0.01,0.344292898745838,NA,0.558243873395922
"CAT","sGARCH_sstd_GARCH",0.99,"GARCH",11,903,0.0121816168327796,0.01,0.5240638502762,NA,0.892526353283835
"CAT","eGARCH_Historical",0.95,"Historical",31,903,0.0343300110741971,0.05,0.0223293615881986,0.39944963233989,0.145232014681503
"CAT","eGARCH_Parametric",0.95,"Parametric",30,903,0.0332225913621262,0.05,0.0139978037118124,0.357032985197729,0.129419933871833
"CAT","eGARCH_GARCH",0.95,"GARCH",48,903,0.053156146179402,0.05,0.666512134369931,0.0480795232800136,0.139510740680751
"CAT","eGARCH_Historical",0.99,"Historical",5,903,0.00553709856035437,0.01,0.141001490387177,NA,0.994096040888218
"CAT","eGARCH_Parametric",0.99,"Parametric",12,903,0.0132890365448505,0.01,0.344292898745838,NA,0.558243873395922
"CAT","eGARCH_GARCH",0.99,"GARCH",10,903,0.0110741971207087,0.01,0.749790242865338,NA,0.922326437963761
"CAT","gjrGARCH_Historical",0.95,"Historical",31,903,0.0343300110741971,0.05,0.0223293615881986,0.39944963233989,0.145232014681503
"CAT","gjrGARCH_Parametric",0.95,"Parametric",30,903,0.0332225913621262,0.05,0.0139978037118124,0.357032985197729,0.129419933871833
"CAT","gjrGARCH_GARCH",0.95,"GARCH",46,903,0.0509413067552602,0.05,0.897038488635931,0.0318442370158474,0.105552199167124
"CAT","gjrGARCH_Historical",0.99,"Historical",5,903,0.00553709856035437,0.01,0.141001490387177,NA,0.994096040888218
"CAT","gjrGARCH_Parametric",0.99,"Parametric",12,903,0.0132890365448505,0.01,0.344292898745838,NA,0.558243873395922
"CAT","gjrGARCH_GARCH",0.99,"GARCH",10,903,0.0110741971207087,0.01,0.749790242865338,NA,0.9223264379638
"CAT","TGARCH_Historical",0.95,"Historical",31,903,0.0343300110741971,0.05,0.0223293615881986,0.39944963233989,0.145232014681503
"CAT","TGARCH_Parametric",0.95,"Parametric",30,903,0.0332225913621262,0.05,0.0139978037118124,0.357032985197729,0.129419933871833
"CAT","TGARCH_GARCH",0.95,"GARCH",48,903,0.053156146179402,0.05,0.666512134369931,0.0480795232800136,0.139510740680751
"CAT","TGARCH_Historical",0.99,"Historical",5,903,0.00553709856035437,0.01,0.141001490387177,NA,0.994096040888218
"CAT","TGARCH_Parametric",0.99,"Parametric",12,903,0.0132890365448505,0.01,0.344292898745838,NA,0.558243873395922
"CAT","TGARCH_GARCH",0.99,"GARCH",10,903,0.0110741971207087,0.01,0.749790242865338,NA,0.922326437963761
"WMT","sGARCH_norm_Historical",0.95,"Historical",42,903,0.0465116279069767,0.05,0.626660242003722,0.973557479977385,0.970636419060696
"WMT","sGARCH_norm_Parametric",0.95,"Parametric",27,903,0.0299003322259136,0.05,0.00282521248976275,0.244828325830979,0.135083854922715
"WMT","sGARCH_norm_GARCH",0.95,"GARCH",31,903,0.0343300110741971,0.05,0.0223293615881986,0.947165007168363,0.94858600463864
"WMT","sGARCH_norm_Historical",0.99,"Historical",7,903,0.00775193798449612,0.01,0.479669283904298,0.0402975939010444,0.31070434217706
"WMT","sGARCH_norm_Parametric",0.99,"Parametric",8,903,0.008859357696567,0.01,0.725361830788812,0.0556969957912014,0.3698463776575
"WMT","sGARCH_norm_GARCH",0.99,"GARCH",8,903,0.008859357696567,0.01,0.725361830788812,0.0556969957912014,0.369846377657471
"WMT","sGARCH_sstd_Historical",0.95,"Historical",42,903,0.0465116279069767,0.05,0.626660242003722,0.973557479977385,0.970636419060696
"WMT","sGARCH_sstd_Parametric",0.95,"Parametric",27,903,0.0299003322259136,0.05,0.00282521248976275,0.244828325830979,0.135083854922715
"WMT","sGARCH_sstd_GARCH",0.95,"GARCH",44,903,0.0487264673311185,0.05,0.860052863235521,0.915488557823054,0.999692827900334
"WMT","sGARCH_sstd_Historical",0.99,"Historical",7,903,0.00775193798449612,0.01,0.479669283904298,0.0402975939010444,0.31070434217706
"WMT","sGARCH_sstd_Parametric",0.99,"Parametric",8,903,0.008859357696567,0.01,0.725361830788812,0.0556969957912014,0.3698463776575
"WMT","sGARCH_sstd_GARCH",0.99,"GARCH",6,903,0.00664451827242525,0.01,0.280483959269858,0.0276388432933532,0.247161366522379
"WMT","eGARCH_Historical",0.95,"Historical",42,903,0.0465116279069767,0.05,0.626660242003722,0.973557479977385,0.970636419060696
"WMT","eGARCH_Parametric",0.95,"Parametric",27,903,0.0299003322259136,0.05,0.00282521248976275,0.244828325830979,0.135083854922715
"WMT","eGARCH_GARCH",0.95,"GARCH",43,903,0.0476190476190476,0.05,0.740794171808327,0.970704557279843,0.94729044264633
"WMT","eGARCH_Historical",0.99,"Historical",7,903,0.00775193798449612,0.01,0.479669283904298,0.0402975939010444,0.31070434217706
"WMT","eGARCH_Parametric",0.99,"Parametric",8,903,0.008859357696567,0.01,0.725361830788812,0.0556969957912014,0.3698463776575
"WMT","eGARCH_GARCH",0.99,"GARCH",6,903,0.00664451827242525,0.01,0.280483959269858,0.0276388432933532,0.247161366522379
"WMT","gjrGARCH_Historical",0.95,"Historical",42,903,0.0465116279069767,0.05,0.626660242003722,0.973557479977385,0.970636419060696
"WMT","gjrGARCH_Parametric",0.95,"Parametric",27,903,0.0299003322259136,0.05,0.00282521248976275,0.244828325830979,0.135083854922715
"WMT","gjrGARCH_GARCH",0.95,"GARCH",47,903,0.0520487264673311,0.05,0.778956550345904,0.755289842666394,0.98132931921506
"WMT","gjrGARCH_Historical",0.99,"Historical",7,903,0.00775193798449612,0.01,0.479669283904298,0.0402975939010444,0.31070434217706
"WMT","gjrGARCH_Parametric",0.99,"Parametric",8,903,0.008859357696567,0.01,0.725361830788812,0.0556969957912014,0.3698463776575
"WMT","gjrGARCH_GARCH",0.99,"GARCH",5,903,0.00553709856035437,0.01,0.141001490387177,NA,0.994096040888212
"WMT","TGARCH_Historical",0.95,"Historical",42,903,0.0465116279069767,0.05,0.626660242003722,0.973557479977385,0.970636419060696
"WMT","TGARCH_Parametric",0.95,"Parametric",27,903,0.0299003322259136,0.05,0.00282521248976275,0.244828325830979,0.135083854922715
"WMT","TGARCH_GARCH",0.95,"GARCH",44,903,0.0487264673311185,0.05,0.860052863235521,0.943174583795152,0.946732217279475
"WMT","TGARCH_Historical",0.99,"Historical",7,903,0.00775193798449612,0.01,0.479669283904298,0.0402975939010444,0.31070434217706
"WMT","TGARCH_Parametric",0.99,"Parametric",8,903,0.008859357696567,0.01,0.725361830788812,0.0556969957912014,0.3698463776575
"WMT","TGARCH_GARCH",0.99,"GARCH",6,903,0.00664451827242525,0.01,0.280483959269858,0.0276388432933532,0.247161366522379
"AMZN","sGARCH_norm_Historical",0.95,"Historical",46,903,0.0509413067552602,0.05,0.897038488635931,0.00166021139952455,0.00460863363605835
"AMZN","sGARCH_norm_Parametric",0.95,"Parametric",35,903,0.0387596899224806,0.05,0.107223926885567,0.00163985206121275,0.00496123727906794
"AMZN","sGARCH_norm_GARCH",0.95,"GARCH",39,903,0.0431893687707641,0.05,0.336805932984113,0.805755524568663,0.329980322597773
"AMZN","sGARCH_norm_Historical",0.99,"Historical",9,903,0.00996677740863787,0.01,0.991990030572707,NA,0.453401754289516
"AMZN","sGARCH_norm_Parametric",0.99,"Parametric",10,903,0.0110741971207087,0.01,0.749790242865338,NA,0.496291241815984
"AMZN","sGARCH_norm_GARCH",0.99,"GARCH",12,903,0.0132890365448505,0.01,0.344292898745838,NA,0.856945700567711
"AMZN","sGARCH_sstd_Historical",0.95,"Historical",46,903,0.0509413067552602,0.05,0.897038488635931,0.00166021139952455,0.00460863363605835
"AMZN","sGARCH_sstd_Parametric",0.95,"Parametric",35,903,0.0387596899224806,0.05,0.107223926885567,0.00163985206121275,0.00496123727906794
"AMZN","sGARCH_sstd_GARCH",0.95,"GARCH",47,903,0.0520487264673311,0.05,0.778956550345904,0.333528649610116,0.420092411015387
"AMZN","sGARCH_sstd_Historical",0.99,"Historical",9,903,0.00996677740863787,0.01,0.991990030572707,NA,0.453401754289516
"AMZN","sGARCH_sstd_Parametric",0.99,"Parametric",10,903,0.0110741971207087,0.01,0.749790242865338,NA,0.496291241815984
"AMZN","sGARCH_sstd_GARCH",0.99,"GARCH",8,903,0.008859357696567,0.01,0.725361830788812,NA,0.964983090273868
"AMZN","eGARCH_Historical",0.95,"Historical",46,903,0.0509413067552602,0.05,0.897038488635931,0.00166021139952455,0.00460863363605835
"AMZN","eGARCH_Parametric",0.95,"Parametric",35,903,0.0387596899224806,0.05,0.107223926885567,0.00163985206121275,0.00496123727906794
"AMZN","eGARCH_GARCH",0.95,"GARCH",45,903,0.0498338870431894,0.05,0.9817177051124,0.330657583743112,0.316751702731296
"AMZN","eGARCH_Historical",0.99,"Historical",9,903,0.00996677740863787,0.01,0.991990030572707,NA,0.453401754289516
"AMZN","eGARCH_Parametric",0.99,"Parametric",10,903,0.0110741971207087,0.01,0.749790242865338,NA,0.496291241815984
"AMZN","eGARCH_GARCH",0.99,"GARCH",7,903,0.00775193798449612,0.01,0.479669283904298,NA,0.978653092958541
"AMZN","gjrGARCH_Historical",0.95,"Historical",46,903,0.0509413067552602,0.05,0.897038488635931,0.00166021139952455,0.00460863363605835
"AMZN","gjrGARCH_Parametric",0.95,"Parametric",35,903,0.0387596899224806,0.05,0.107223926885567,0.00163985206121275,0.00496123727906794
"AMZN","gjrGARCH_GARCH",0.95,"GARCH",41,903,0.0454042081949059,0.05,0.520071972228371,0.917547958844848,0.772932612633609
"AMZN","gjrGARCH_Historical",0.99,"Historical",9,903,0.00996677740863787,0.01,0.991990030572707,NA,0.453401754289516
"AMZN","gjrGARCH_Parametric",0.99,"Parametric",10,903,0.0110741971207087,0.01,0.749790242865338,NA,0.496291241815984
"AMZN","gjrGARCH_GARCH",0.99,"GARCH",9,903,0.00996677740863787,0.01,0.991990030572707,NA,0.946380861136634
"AMZN","TGARCH_Historical",0.95,"Historical",46,903,0.0509413067552602,0.05,0.897038488635931,0.00166021139952455,0.00460863363605835
"AMZN","TGARCH_Parametric",0.95,"Parametric",35,903,0.0387596899224806,0.05,0.107223926885567,0.00163985206121275,0.00496123727906794
"AMZN","TGARCH_GARCH",0.95,"GARCH",41,903,0.0454042081949059,0.05,0.520071972228371,0.47043229704145,0.552945462266289
"AMZN","TGARCH_Historical",0.99,"Historical",9,903,0.00996677740863787,0.01,0.991990030572707,NA,0.453401754289516
"AMZN","TGARCH_Parametric",0.99,"Parametric",10,903,0.0110741971207087,0.01,0.749790242865338,NA,0.496291241815984
"AMZN","TGARCH_GARCH",0.99,"GARCH",10,903,0.0110741971207087,0.01,0.749790242865338,NA,0.922326437963777
"EURUSD","sGARCH_norm_Historical",0.95,"Historical",27,903,0.0299003322259136,0.05,0.00282521248976275,0.049188905400833,0.227506636866591
"EURUSD","sGARCH_norm_Parametric",0.95,"Parametric",27,903,0.0299003322259136,0.05,0.00282521248976275,0.049188905400833,0.227506636866591
"EURUSD","sGARCH_norm_GARCH",0.95,"GARCH",47,903,0.0520487264673311,0.05,0.778956550345904,0.333528649610116,0.446924995525844
"EURUSD","sGARCH_norm_Historical",0.99,"Historical",3,903,0.00332225913621262,0.01,0.019137121459665,NA,0.999206271532833
"EURUSD","sGARCH_norm_Parametric",0.99,"Parametric",8,903,0.008859357696567,0.01,0.725361830788812,NA,0.964983090273842
"EURUSD","sGARCH_norm_GARCH",0.99,"GARCH",14,903,0.0155038759689922,0.01,0.124018663009527,NA,0.769647177929871
"EURUSD","sGARCH_sstd_Historical",0.95,"Historical",27,903,0.0299003322259136,0.05,0.00282521248976275,0.049188905400833,0.227506636866591
"EURUSD","sGARCH_sstd_Parametric",0.95,"Parametric",27,903,0.0299003322259136,0.05,0.00282521248976275,0.049188905400833,0.227506636866591
"EURUSD","sGARCH_sstd_GARCH",0.95,"GARCH",47,903,0.0520487264673311,0.05,0.778956550345904,0.333528649610116,0.446924995525844
"EURUSD","sGARCH_sstd_Historical",0.99,"Historical",3,903,0.00332225913621262,0.01,0.019137121459665,NA,0.999206271532833
"EURUSD","sGARCH_sstd_Parametric",0.99,"Parametric",8,903,0.008859357696567,0.01,0.725361830788812,NA,0.964983090273842
"EURUSD","sGARCH_sstd_GARCH",0.99,"GARCH",10,903,0.0110741971207087,0.01,0.749790242865338,NA,0.922326437963777
"EURUSD","eGARCH_Historical",0.95,"Historical",27,903,0.0299003322259136,0.05,0.00282521248976275,0.049188905400833,0.227506636866591
"EURUSD","eGARCH_Parametric",0.95,"Parametric",27,903,0.0299003322259136,0.05,0.00282521248976275,0.049188905400833,0.227506636866591
"EURUSD","eGARCH_GARCH",0.95,"GARCH",40,903,0.044296788482835,0.05,0.422991227635919,0.861525843170788,0.329223624990468
"EURUSD","eGARCH_Historical",0.99,"Historical",3,903,0.00332225913621262,0.01,0.019137121459665,NA,0.999206271532833
"EURUSD","eGARCH_Parametric",0.99,"Parametric",8,903,0.008859357696567,0.01,0.725361830788812,NA,0.964983090273842
"EURUSD","eGARCH_GARCH",0.99,"GARCH",8,903,0.008859357696567,0.01,0.725361830788812,NA,0.964983090273879
"EURUSD","gjrGARCH_Historical",0.95,"Historical",27,903,0.0299003322259136,0.05,0.00282521248976275,0.049188905400833,0.227506636866591
"EURUSD","gjrGARCH_Parametric",0.95,"Parametric",27,903,0.0299003322259136,0.05,0.00282521248976275,0.049188905400833,0.227506636866591
"EURUSD","gjrGARCH_GARCH",0.95,"GARCH",46,903,0.0509413067552602,0.05,0.897038488635931,0.807564343463257,0.669910038537898
"EURUSD","gjrGARCH_Historical",0.99,"Historical",3,903,0.00332225913621262,0.01,0.019137121459665,NA,0.999206271532833
"EURUSD","gjrGARCH_Parametric",0.99,"Parametric",8,903,0.008859357696567,0.01,0.725361830788812,NA,0.964983090273842
"EURUSD","gjrGARCH_GARCH",0.99,"GARCH",11,903,0.0121816168327796,0.01,0.5240638502762,NA,0.892526353283885
"EURUSD","TGARCH_Historical",0.95,"Historical",27,903,0.0299003322259136,0.05,0.00282521248976275,0.049188905400833,0.227506636866591
"EURUSD","TGARCH_Parametric",0.95,"Parametric",27,903,0.0299003322259136,0.05,0.00282521248976275,0.049188905400833,0.227506636866591
"EURUSD","TGARCH_GARCH",0.95,"GARCH",47,903,0.0520487264673311,0.05,0.778956550345904,0.718790654220571,0.595157089539067
"EURUSD","TGARCH_Historical",0.99,"Historical",3,903,0.00332225913621262,0.01,0.019137121459665,NA,0.999206271532833
"EURUSD","TGARCH_Parametric",0.99,"Parametric",8,903,0.008859357696567,0.01,0.725361830788812,NA,0.964983090273842
"EURUSD","TGARCH_GARCH",0.99,"GARCH",10,903,0.0110741971207087,0.01,0.749790242865338,NA,0.922326437963777
"GBPUSD","sGARCH_norm_Historical",0.95,"Historical",36,903,0.0398671096345515,0.05,0.1481386074974,0.64260961592064,0.267580955427305
"GBPUSD","sGARCH_norm_Parametric",0.95,"Parametric",31,903,0.0343300110741971,0.05,0.0223293615881986,0.39944963233989,0.164190254424652
"GBPUSD","sGARCH_norm_GARCH",0.95,"GARCH",52,903,0.0575858250276855,0.05,0.306614797762293,0.998915814118021,0.250909680951394
"GBPUSD","sGARCH_norm_Historical",0.99,"Historical",6,903,0.00664451827242525,0.01,0.280483959269858,0.0276388432933532,0.24716136652238
"GBPUSD","sGARCH_norm_Parametric",0.99,"Parametric",12,903,0.0132890365448505,0.01,0.344292898745838,0.146156811371543,0.214934894073166
"GBPUSD","sGARCH_norm_GARCH",0.99,"GARCH",19,903,0.0210409745293466,0.01,0.00367198104771427,0.0605454099790642,0.0626947582526027
"GBPUSD","sGARCH_sstd_Historical",0.95,"Historical",36,903,0.0398671096345515,0.05,0.1481386074974,0.64260961592064,0.267580955427305
"GBPUSD","sGARCH_sstd_Parametric",0.95,"Parametric",31,903,0.0343300110741971,0.05,0.0223293615881986,0.39944963233989,0.164190254424652
"GBPUSD","sGARCH_sstd_GARCH",0.95,"GARCH",50,903,0.0553709856035437,0.05,0.466293951638799,0.607441579844434,0.274685266541307
"GBPUSD","sGARCH_sstd_Historical",0.99,"Historical",6,903,0.00664451827242525,0.01,0.280483959269858,0.0276388432933532,0.24716136652238
"GBPUSD","sGARCH_sstd_Parametric",0.99,"Parametric",12,903,0.0132890365448505,0.01,0.344292898745838,0.146156811371543,0.214934894073166
"GBPUSD","sGARCH_sstd_GARCH",0.99,"GARCH",13,903,0.0143964562569214,0.01,0.21284365269469,0.176098972810671,0.366394631611737
"GBPUSD","eGARCH_Historical",0.95,"Historical",36,903,0.0398671096345515,0.05,0.1481386074974,0.64260961592064,0.267580955427305
"GBPUSD","eGARCH_Parametric",0.95,"Parametric",31,903,0.0343300110741971,0.05,0.0223293615881986,0.39944963233989,0.164190254424652
"GBPUSD","eGARCH_GARCH",0.95,"GARCH",43,903,0.0476190476190476,0.05,0.740794171808327,0.970704557279843,0.539247462188532
"GBPUSD","eGARCH_Historical",0.99,"Historical",6,903,0.00664451827242525,0.01,0.280483959269858,0.0276388432933532,0.24716136652238
"GBPUSD","eGARCH_Parametric",0.99,"Parametric",12,903,0.0132890365448505,0.01,0.344292898745838,0.146156811371543,0.214934894073166
"GBPUSD","eGARCH_GARCH",0.99,"GARCH",14,903,0.0155038759689922,0.01,0.124018663009527,0.208916278334565,0.318436758326864
"GBPUSD","gjrGARCH_Historical",0.95,"Historical",36,903,0.0398671096345515,0.05,0.1481386074974,0.64260961592064,0.267580955427305
"GBPUSD","gjrGARCH_Parametric",0.95,"Parametric",31,903,0.0343300110741971,0.05,0.0223293615881986,0.39944963233989,0.164190254424652
"GBPUSD","gjrGARCH_GARCH",0.95,"GARCH",48,903,0.053156146179402,0.05,0.666512134369931,0.773788682406706,0.274207894186782
"GBPUSD","gjrGARCH_Historical",0.99,"Historical",6,903,0.00664451827242525,0.01,0.280483959269858,0.0276388432933532,0.24716136652238
"GBPUSD","gjrGARCH_Parametric",0.99,"Parametric",12,903,0.0132890365448505,0.01,0.344292898745838,0.146156811371543,0.214934894073166
"GBPUSD","gjrGARCH_GARCH",0.99,"GARCH",15,903,0.0166112956810631,0.01,0.0682384889707349,0.24453199620463,0.375145139817619
"GBPUSD","TGARCH_Historical",0.95,"Historical",36,903,0.0398671096345515,0.05,0.1481386074974,0.64260961592064,0.267580955427305
"GBPUSD","TGARCH_Parametric",0.95,"Parametric",31,903,0.0343300110741971,0.05,0.0223293615881986,0.39944963233989,0.164190254424652
"GBPUSD","TGARCH_GARCH",0.95,"GARCH",47,903,0.0520487264673311,0.05,0.778956550345904,0.78140529410354,0.305788389163237
"GBPUSD","TGARCH_Historical",0.99,"Historical",6,903,0.00664451827242525,0.01,0.280483959269858,0.0276388432933532,0.24716136652238
"GBPUSD","TGARCH_Parametric",0.99,"Parametric",12,903,0.0132890365448505,0.01,0.344292898745838,0.146156811371543,0.214934894073166
"GBPUSD","TGARCH_GARCH",0.99,"GARCH",15,903,0.0166112956810631,0.01,0.0682384889707349,0.24453199620463,0.375145139817619
"GBPCNY","sGARCH_norm_Historical",0.95,"Historical",24,903,0.026578073089701,0.05,0.000410394550974025,0.0244737772380023,0.0685663349322083
"GBPCNY","sGARCH_norm_Parametric",0.95,"Parametric",21,903,0.0232558139534884,0.05,4.10129770103129e-05,NA,0.304001751191288
"GBPCNY","sGARCH_norm_GARCH",0.95,"GARCH",54,903,0.0598006644518272,0.05,0.189314614442164,0.309654856406409,0.446956522069726
"GBPCNY","sGARCH_norm_Historical",0.99,"Historical",6,903,0.00664451827242525,0.01,0.280483959269858,NA,0.28238952139298
"GBPCNY","sGARCH_norm_Parametric",0.99,"Parametric",7,903,0.00775193798449612,0.01,0.479669283904298,NA,0.344236757369067
"GBPCNY","sGARCH_norm_GARCH",0.99,"GARCH",14,903,0.0155038759689922,0.01,0.124018663009527,NA,0.568051283999064
"GBPCNY","sGARCH_sstd_Historical",0.95,"Historical",24,903,0.026578073089701,0.05,0.000410394550974025,0.0244737772380023,0.0685663349322083
"GBPCNY","sGARCH_sstd_Parametric",0.95,"Parametric",21,903,0.0232558139534884,0.05,4.10129770103129e-05,NA,0.304001751191288
"GBPCNY","sGARCH_sstd_GARCH",0.95,"GARCH",53,903,0.0586932447397564,0.05,0.242840794388642,0.274168782294206,0.432142316481864
"GBPCNY","sGARCH_sstd_Historical",0.99,"Historical",6,903,0.00664451827242525,0.01,0.280483959269858,NA,0.28238952139298
"GBPCNY","sGARCH_sstd_Parametric",0.99,"Parametric",7,903,0.00775193798449612,0.01,0.479669283904298,NA,0.344236757369067
"GBPCNY","sGARCH_sstd_GARCH",0.99,"GARCH",9,903,0.00996677740863787,0.01,0.991990030572707,NA,0.946380861136637
"GBPCNY","eGARCH_Historical",0.95,"Historical",24,903,0.026578073089701,0.05,0.000410394550974025,0.0244737772380023,0.0685663349322083
"GBPCNY","eGARCH_Parametric",0.95,"Parametric",21,903,0.0232558139534884,0.05,4.10129770103129e-05,NA,0.304001751191288
"GBPCNY","eGARCH_GARCH",0.95,"GARCH",52,903,0.0575858250276855,0.05,0.306614797762293,0.0916238824474144,0.238586296452654
"GBPCNY","eGARCH_Historical",0.99,"Historical",6,903,0.00664451827242525,0.01,0.280483959269858,NA,0.28238952139298
"GBPCNY","eGARCH_Parametric",0.99,"Parametric",7,903,0.00775193798449612,0.01,0.479669283904298,NA,0.344236757369067
"GBPCNY","eGARCH_GARCH",0.99,"GARCH",9,903,0.00996677740863787,0.01,0.991990030572707,NA,0.946380861136637
"GBPCNY","gjrGARCH_Historical",0.95,"Historical",24,903,0.026578073089701,0.05,0.000410394550974025,0.0244737772380023,0.0685663349322083
"GBPCNY","gjrGARCH_Parametric",0.95,"Parametric",21,903,0.0232558139534884,0.05,4.10129770103129e-05,NA,0.304001751191288
"GBPCNY","gjrGARCH_GARCH",0.95,"GARCH",53,903,0.0586932447397564,0.05,0.242840794388642,0.274168782294206,0.432142316481864
"GBPCNY","gjrGARCH_Historical",0.99,"Historical",6,903,0.00664451827242525,0.01,0.280483959269858,NA,0.28238952139298
"GBPCNY","gjrGARCH_Parametric",0.99,"Parametric",7,903,0.00775193798449612,0.01,0.479669283904298,NA,0.344236757369067
"GBPCNY","gjrGARCH_GARCH",0.99,"GARCH",9,903,0.00996677740863787,0.01,0.991990030572707,NA,0.946380861136637
"GBPCNY","TGARCH_Historical",0.95,"Historical",24,903,0.026578073089701,0.05,0.000410394550974025,0.0244737772380023,0.0685663349322083
"GBPCNY","TGARCH_Parametric",0.95,"Parametric",21,903,0.0232558139534884,0.05,4.10129770103129e-05,NA,0.304001751191288
"GBPCNY","TGARCH_GARCH",0.95,"GARCH",53,903,0.0586932447397564,0.05,0.242840794388642,0.274168782294206,0.43214231648184
"GBPCNY","TGARCH_Historical",0.99,"Historical",6,903,0.00664451827242525,0.01,0.280483959269858,NA,0.28238952139298
"GBPCNY","TGARCH_Parametric",0.99,"Parametric",7,903,0.00775193798449612,0.01,0.479669283904298,NA,0.344236757369067
"GBPCNY","TGARCH_GARCH",0.99,"GARCH",9,903,0.00996677740863787,0.01,0.991990030572707,NA,0.946380861136637
"USDZAR","sGARCH_norm_Historical",0.95,"Historical",28,903,0.0310077519379845,0.05,0.00498576496573966,NA,0.232204074974414
"USDZAR","sGARCH_norm_Parametric",0.95,"Parametric",16,903,0.017718715393134,0.05,3.27111357334431e-07,NA,0.584937237999553
"USDZAR","sGARCH_norm_GARCH",0.95,"GARCH",38,903,0.0420819490586932,0.05,0.26227367275848,NA,0.0988988746680705
"USDZAR","sGARCH_norm_Historical",0.99,"Historical",3,903,0.00332225913621262,0.01,0.019137121459665,NA,0.999206271532839
"USDZAR","sGARCH_norm_Parametric",0.99,"Parametric",3,903,0.00332225913621262,0.01,0.019137121459665,NA,0.999206271532839
"USDZAR","sGARCH_norm_GARCH",0.99,"GARCH",13,903,0.0143964562569214,0.01,0.21284365269469,NA,0.572553927250098
"USDZAR","sGARCH_sstd_Historical",0.95,"Historical",28,903,0.0310077519379845,0.05,0.00498576496573966,NA,0.232204074974414
"USDZAR","sGARCH_sstd_Parametric",0.95,"Parametric",16,903,0.017718715393134,0.05,3.27111357334431e-07,NA,0.584937237999553
"USDZAR","sGARCH_sstd_GARCH",0.95,"GARCH",43,903,0.0476190476190476,0.05,0.740794171808327,0.396493395687246,0.245163619083665
"USDZAR","sGARCH_sstd_Historical",0.99,"Historical",3,903,0.00332225913621262,0.01,0.019137121459665,NA,0.999206271532839
"USDZAR","sGARCH_sstd_Parametric",0.99,"Parametric",3,903,0.00332225913621262,0.01,0.019137121459665,NA,0.999206271532839
"USDZAR","sGARCH_sstd_GARCH",0.99,"GARCH",13,903,0.0143964562569214,0.01,0.21284365269469,NA,0.572553927250098
"USDZAR","eGARCH_Historical",0.95,"Historical",28,903,0.0310077519379845,0.05,0.00498576496573966,NA,0.232204074974414
"USDZAR","eGARCH_Parametric",0.95,"Parametric",16,903,0.017718715393134,0.05,3.27111357334431e-07,NA,0.584937237999553
"USDZAR","eGARCH_GARCH",0.95,"GARCH",43,903,0.0476190476190476,0.05,0.740794171808327,0.396493395687246,0.245163619083675
"USDZAR","eGARCH_Historical",0.99,"Historical",3,903,0.00332225913621262,0.01,0.019137121459665,NA,0.999206271532839
"USDZAR","eGARCH_Parametric",0.99,"Parametric",3,903,0.00332225913621262,0.01,0.019137121459665,NA,0.999206271532839
"USDZAR","eGARCH_GARCH",0.99,"GARCH",12,903,0.0132890365448505,0.01,0.344292898745838,NA,0.553899627834798
"USDZAR","gjrGARCH_Historical",0.95,"Historical",28,903,0.0310077519379845,0.05,0.00498576496573966,NA,0.232204074974414
"USDZAR","gjrGARCH_Parametric",0.95,"Parametric",16,903,0.017718715393134,0.05,3.27111357334431e-07,NA,0.584937237999553
"USDZAR","gjrGARCH_GARCH",0.95,"GARCH",42,903,0.0465116279069767,0.05,0.626660242003722,0.432452597404257,0.265817823575959
"USDZAR","gjrGARCH_Historical",0.99,"Historical",3,903,0.00332225913621262,0.01,0.019137121459665,NA,0.999206271532839
"USDZAR","gjrGARCH_Parametric",0.99,"Parametric",3,903,0.00332225913621262,0.01,0.019137121459665,NA,0.999206271532839
"USDZAR","gjrGARCH_GARCH",0.99,"GARCH",13,903,0.0143964562569214,0.01,0.21284365269469,NA,0.572553927250098
"USDZAR","TGARCH_Historical",0.95,"Historical",28,903,0.0310077519379845,0.05,0.00498576496573966,NA,0.232204074974414
"USDZAR","TGARCH_Parametric",0.95,"Parametric",16,903,0.017718715393134,0.05,3.27111357334431e-07,NA,0.584937237999553
"USDZAR","TGARCH_GARCH",0.95,"GARCH",44,903,0.0487264673311185,0.05,0.860052863235521,0.362563683441685,0.780120566295287
"USDZAR","TGARCH_Historical",0.99,"Historical",3,903,0.00332225913621262,0.01,0.019137121459665,NA,0.999206271532839
"USDZAR","TGARCH_Parametric",0.99,"Parametric",3,903,0.00332225913621262,0.01,0.019137121459665,NA,0.999206271532839
"USDZAR","TGARCH_GARCH",0.99,"GARCH",13,903,0.0143964562569214,0.01,0.21284365269469,NA,0.572553927250098
"GBPZAR","sGARCH_norm_Historical",0.95,"Historical",20,903,0.0221483942414175,0.05,1.73515939274616e-05,NA,0.515476796405739
"GBPZAR","sGARCH_norm_Parametric",0.95,"Parametric",11,903,0.0121816168327796,0.05,5.26708343606686e-10,NA,0.892526353283848
"GBPZAR","sGARCH_norm_GARCH",0.95,"GARCH",42,903,0.0465116279069767,0.05,0.626660242003722,NA,0.302988838015261
"GBPZAR","sGARCH_norm_Historical",0.99,"Historical",0,903,0,0.01,NA,NA,1
"GBPZAR","sGARCH_norm_Parametric",0.99,"Parametric",0,903,0,0.01,NA,NA,1
"GBPZAR","sGARCH_norm_GARCH",0.99,"GARCH",8,903,0.008859357696567,0.01,0.725361830788812,NA,0.964983090273862
"GBPZAR","sGARCH_sstd_Historical",0.95,"Historical",20,903,0.0221483942414175,0.05,1.73515939274616e-05,NA,0.515476796405739
"GBPZAR","sGARCH_sstd_Parametric",0.95,"Parametric",11,903,0.0121816168327796,0.05,5.26708343606686e-10,NA,0.892526353283848
"GBPZAR","sGARCH_sstd_GARCH",0.95,"GARCH",53,903,0.0586932447397564,0.05,0.242840794388642,0.1436176311131,0.596005635760041
"GBPZAR","sGARCH_sstd_Historical",0.99,"Historical",0,903,0,0.01,NA,NA,1
"GBPZAR","sGARCH_sstd_Parametric",0.99,"Parametric",0,903,0,0.01,NA,NA,1
"GBPZAR","sGARCH_sstd_GARCH",0.99,"GARCH",9,903,0.00996677740863787,0.01,0.991990030572707,NA,0.946380861136648
"GBPZAR","eGARCH_Historical",0.95,"Historical",20,903,0.0221483942414175,0.05,1.73515939274616e-05,NA,0.515476796405739
"GBPZAR","eGARCH_Parametric",0.95,"Parametric",11,903,0.0121816168327796,0.05,5.26708343606686e-10,NA,0.892526353283848
"GBPZAR","eGARCH_GARCH",0.95,"GARCH",54,903,0.0598006644518272,0.05,0.189314614442164,0.127820939727484,0.657504651877369
"GBPZAR","eGARCH_Historical",0.99,"Historical",0,903,0,0.01,NA,NA,1
"GBPZAR","eGARCH_Parametric",0.99,"Parametric",0,903,0,0.01,NA,NA,1
"GBPZAR","eGARCH_GARCH",0.99,"GARCH",11,903,0.0121816168327796,0.01,0.5240638502762,NA,0.892526353283848
"GBPZAR","gjrGARCH_Historical",0.95,"Historical",20,903,0.0221483942414175,0.05,1.73515939274616e-05,NA,0.515476796405739
"GBPZAR","gjrGARCH_Parametric",0.95,"Parametric",11,903,0.0121816168327796,0.05,5.26708343606686e-10,NA,0.892526353283848
"GBPZAR","gjrGARCH_GARCH",0.95,"GARCH",52,903,0.0575858250276855,0.05,0.306614797762293,0.160922819728935,0.649200087100155
"GBPZAR","gjrGARCH_Historical",0.99,"Historical",0,903,0,0.01,NA,NA,1
"GBPZAR","gjrGARCH_Parametric",0.99,"Parametric",0,903,0,0.01,NA,NA,1
"GBPZAR","gjrGARCH_GARCH",0.99,"GARCH",8,903,0.008859357696567,0.01,0.725361830788812,NA,0.964983090273839
"GBPZAR","TGARCH_Historical",0.95,"Historical",20,903,0.0221483942414175,0.05,1.73515939274616e-05,NA,0.515476796405739
"GBPZAR","TGARCH_Parametric",0.95,"Parametric",11,903,0.0121816168327796,0.05,5.26708343606686e-10,NA,0.892526353283848
"GBPZAR","TGARCH_GARCH",0.95,"GARCH",54,903,0.0598006644518272,0.05,0.189314614442164,NA,0.152313967525938
"GBPZAR","TGARCH_Historical",0.99,"Historical",0,903,0,0.01,NA,NA,1
"GBPZAR","TGARCH_Parametric",0.99,"Parametric",0,903,0,0.01,NA,NA,1
"GBPZAR","TGARCH_GARCH",0.99,"GARCH",9,903,0.00996677740863787,0.01,0.991990030572707,NA,0.946380861136648
"EURZAR","sGARCH_norm_Historical",0.95,"Historical",15,903,0.0166112956810631,0.05,1.04474616402506e-07,NA,0.719158925822114
"EURZAR","sGARCH_norm_Parametric",0.95,"Parametric",8,903,0.008859357696567,0.05,3.85413922998623e-12,NA,0.964983090273826
"EURZAR","sGARCH_norm_GARCH",0.95,"GARCH",37,903,0.0409745293466224,0.05,0.199527466970733,0.641801746442309,0.319491692622431
"EURZAR","sGARCH_norm_Historical",0.99,"Historical",0,903,0,0.01,NA,NA,1
"EURZAR","sGARCH_norm_Parametric",0.99,"Parametric",0,903,0,0.01,NA,NA,1
"EURZAR","sGARCH_norm_GARCH",0.99,"GARCH",6,903,0.00664451827242525,0.01,0.280483959269858,NA,0.988087517633967
"EURZAR","sGARCH_sstd_Historical",0.95,"Historical",15,903,0.0166112956810631,0.05,1.04474616402506e-07,NA,0.719158925822114
"EURZAR","sGARCH_sstd_Parametric",0.95,"Parametric",8,903,0.008859357696567,0.05,3.85413922998623e-12,NA,0.964983090273826
"EURZAR","sGARCH_sstd_GARCH",0.95,"GARCH",48,903,0.053156146179402,0.05,0.666512134369931,0.246823896618884,0.229216571339311
"EURZAR","sGARCH_sstd_Historical",0.99,"Historical",0,903,0,0.01,NA,NA,1
"EURZAR","sGARCH_sstd_Parametric",0.99,"Parametric",0,903,0,0.01,NA,NA,1
"EURZAR","sGARCH_sstd_GARCH",0.99,"GARCH",11,903,0.0121816168327796,0.01,0.5240638502762,NA,0.892526353283837
"EURZAR","eGARCH_Historical",0.95,"Historical",15,903,0.0166112956810631,0.05,1.04474616402506e-07,NA,0.719158925822114
"EURZAR","eGARCH_Parametric",0.95,"Parametric",8,903,0.008859357696567,0.05,3.85413922998623e-12,NA,0.964983090273826
"EURZAR","eGARCH_GARCH",0.95,"GARCH",45,903,0.0498338870431894,0.05,0.9817177051124,0.330657583743112,0.0902297986066061
"EURZAR","eGARCH_Historical",0.99,"Historical",0,903,0,0.01,NA,NA,1
"EURZAR","eGARCH_Parametric",0.99,"Parametric",0,903,0,0.01,NA,NA,1
"EURZAR","eGARCH_GARCH",0.99,"GARCH",8,903,0.008859357696567,0.01,0.725361830788812,NA,0.964983090273826
"EURZAR","gjrGARCH_Historical",0.95,"Historical",15,903,0.0166112956810631,0.05,1.04474616402506e-07,NA,0.719158925822114
"EURZAR","gjrGARCH_Parametric",0.95,"Parametric",8,903,0.008859357696567,0.05,3.85413922998623e-12,NA,0.964983090273826
"EURZAR","gjrGARCH_GARCH",0.95,"GARCH",45,903,0.0498338870431894,0.05,0.9817177051124,0.330657583743112,0.187199319796271
"EURZAR","gjrGARCH_Historical",0.99,"Historical",0,903,0,0.01,NA,NA,1
"EURZAR","gjrGARCH_Parametric",0.99,"Parametric",0,903,0,0.01,NA,NA,1
"EURZAR","gjrGARCH_GARCH",0.99,"GARCH",8,903,0.008859357696567,0.01,0.725361830788812,NA,0.964983090273826
"EURZAR","TGARCH_Historical",0.95,"Historical",15,903,0.0166112956810631,0.05,1.04474616402506e-07,NA,0.719158925822114
"EURZAR","TGARCH_Parametric",0.95,"Parametric",8,903,0.008859357696567,0.05,3.85413922998623e-12,NA,0.964983090273826
"EURZAR","TGARCH_GARCH",0.95,"GARCH",45,903,0.0498338870431894,0.05,0.9817177051124,0.330657583743112,0.0902297986065979
"EURZAR","TGARCH_Historical",0.99,"Historical",0,903,0,0.01,NA,NA,1
"EURZAR","TGARCH_Parametric",0.99,"Parametric",0,903,0,0.01,NA,NA,1
"EURZAR","TGARCH_GARCH",0.99,"GARCH",8,903,0.008859357696567,0.01,0.725361830788812,NA,0.964983090273826
