Asset,Model,Confidence_Level,VaR_Method,Violations,Total_Obs,Violation_Rate,Expected_Rate,Kupiec_PValue,Christoffersen_PValue,DQ_PValue,Data_Source,Engine,Sheet_Name
NVDA,sGARCH_norm_Historical,0.95,Historical,64,903,0.070874861572536,0.05,0.0066116653646101,0.456114108430775,0.0269452764816414,VaR_Backtesting,,
NVDA,sGARCH_norm_Parametric,0.95,Parametric,52,903,0.0575858250276855,0.05,0.306614797762293,0.970549950280655,0.0168394670421883,VaR_Backtesting,,
NVDA,sGARCH_norm_GARCH,0.95,GARCH,39,903,0.0431893687707641,0.05,0.336805932984113,0.574157311537923,0.0654925545641877,VaR_Backtesting,,
NVDA,sGARCH_norm_Historical,0.99,Historical,6,903,0.0066445182724252,0.01,0.280483959269858,,0.988087517633998,VaR_Backtesting,,
NVDA,sGARCH_norm_Parametric,0.99,Parametric,14,903,0.0155038759689922,0.01,0.124018663009527,,0.262831676875943,VaR_Backtesting,,
NVDA,sGARCH_norm_GARCH,0.99,GARCH,7,903,0.0077519379844961,0.01,0.479669283904298,,0.978653092958545,VaR_Backtesting,,
NVDA,sGARCH_sstd_Historical,0.95,Historical,64,903,0.070874861572536,0.05,0.0066116653646101,0.456114108430775,0.0269452764816414,VaR_Backtesting,,
NVDA,sGARCH_sstd_Parametric,0.95,Parametric,52,903,0.0575858250276855,0.05,0.306614797762293,0.970549950280655,0.0168394670421883,VaR_Backtesting,,
NVDA,sGARCH_sstd_GARCH,0.95,GARCH,49,903,0.0542635658914729,0.05,0.561771434558039,0.801455953887463,0.424005056120836,VaR_Backtesting,,
NVDA,sGARCH_sstd_Historical,0.99,Historical,6,903,0.0066445182724252,0.01,0.280483959269858,,0.988087517633998,VaR_Backtesting,,
NVDA,sGARCH_sstd_Parametric,0.99,Parametric,14,903,0.0155038759689922,0.01,0.124018663009527,,0.262831676875943,VaR_Backtesting,,
NVDA,sGARCH_sstd_GARCH,0.99,GARCH,4,903,0.0044296788482835,0.01,0.0586842476065826,,0.997529594125242,VaR_Backtesting,,
NVDA,eGARCH_Historical,0.95,Historical,64,903,0.070874861572536,0.05,0.0066116653646101,0.456114108430775,0.0269452764816414,VaR_Backtesting,,
NVDA,eGARCH_Parametric,0.95,Parametric,52,903,0.0575858250276855,0.05,0.306614797762293,0.970549950280655,0.0168394670421883,VaR_Backtesting,,
NVDA,eGARCH_GARCH,0.95,GARCH,42,903,0.0465116279069767,0.05,0.626660242003722,0.45130411853168,0.0821686375354468,VaR_Backtesting,,
NVDA,eGARCH_Historical,0.99,Historical,6,903,0.0066445182724252,0.01,0.280483959269858,,0.988087517633998,VaR_Backtesting,,
NVDA,eGARCH_Parametric,0.99,Parametric,14,903,0.0155038759689922,0.01,0.124018663009527,,0.262831676875943,VaR_Backtesting,,
NVDA,eGARCH_GARCH,0.99,GARCH,4,903,0.0044296788482835,0.01,0.0586842476065826,,0.997529594125244,VaR_Backtesting,,
NVDA,gjrGARCH_Historical,0.95,Historical,64,903,0.070874861572536,0.05,0.0066116653646101,0.456114108430775,0.0269452764816414,VaR_Backtesting,,
NVDA,gjrGARCH_Parametric,0.95,Parametric,52,903,0.0575858250276855,0.05,0.306614797762293,0.970549950280655,0.0168394670421883,VaR_Backtesting,,
NVDA,gjrGARCH_GARCH,0.95,GARCH,45,903,0.0498338870431894,0.05,0.9817177051124,0.8883041211948,0.695677329321444,VaR_Backtesting,,
NVDA,gjrGARCH_Historical,0.99,Historical,6,903,0.0066445182724252,0.01,0.280483959269858,,0.988087517633998,VaR_Backtesting,,
NVDA,gjrGARCH_Parametric,0.99,Parametric,14,903,0.0155038759689922,0.01,0.124018663009527,,0.262831676875943,VaR_Backtesting,,
NVDA,gjrGARCH_GARCH,0.99,GARCH,3,903,0.0033222591362126,0.01,0.019137121459665,,0.999206271532834,VaR_Backtesting,,
NVDA,TGARCH_Historical,0.95,Historical,64,903,0.070874861572536,0.05,0.0066116653646101,0.456114108430775,0.0269452764816414,VaR_Backtesting,,
NVDA,TGARCH_Parametric,0.95,Parametric,52,903,0.0575858250276855,0.05,0.306614797762293,0.970549950280655,0.0168394670421883,VaR_Backtesting,,
NVDA,TGARCH_GARCH,0.95,GARCH,41,903,0.0454042081949059,0.05,0.520071972228371,0.490294756634549,0.0797788236176825,VaR_Backtesting,,
NVDA,TGARCH_Historical,0.99,Historical,6,903,0.0066445182724252,0.01,0.280483959269858,,0.988087517633998,VaR_Backtesting,,
NVDA,TGARCH_Parametric,0.99,Parametric,14,903,0.0155038759689922,0.01,0.124018663009527,,0.262831676875943,VaR_Backtesting,,
NVDA,TGARCH_GARCH,0.99,GARCH,6,903,0.0066445182724252,0.01,0.280483959269858,,0.988087517633963,VaR_Backtesting,,
MSFT,sGARCH_norm_Historical,0.95,Historical,60,903,0.0664451827242525,0.05,0.0304966700254172,0.60082448470929,0.551445571012769,VaR_Backtesting,,
MSFT,sGARCH_norm_Parametric,0.95,Parametric,45,903,0.0498338870431894,0.05,0.9817177051124,0.261544698546182,0.645095435869997,VaR_Backtesting,,
MSFT,sGARCH_norm_GARCH,0.95,GARCH,58,903,0.0642303433001107,0.05,0.0596902846381926,0.501082124348954,0.684638605602695,VaR_Backtesting,,
MSFT,sGARCH_norm_Historical,0.99,Historical,2,903,0.0022148394241417,0.01,0.0044620389843526,,0.999841744123726,VaR_Backtesting,,
MSFT,sGARCH_norm_Parametric,0.99,Parametric,12,903,0.0132890365448505,0.01,0.344292898745838,0.146156811371543,0.233137194923419,VaR_Backtesting,,
MSFT,sGARCH_norm_GARCH,0.99,GARCH,16,903,0.017718715393134,0.01,0.0355273643017773,,0.665278144560663,VaR_Backtesting,,
MSFT,sGARCH_sstd_Historical,0.95,Historical,60,903,0.0664451827242525,0.05,0.0304966700254172,0.60082448470929,0.551445571012769,VaR_Backtesting,,
MSFT,sGARCH_sstd_Parametric,0.95,Parametric,45,903,0.0498338870431894,0.05,0.9817177051124,0.261544698546182,0.645095435869997,VaR_Backtesting,,
MSFT,sGARCH_sstd_GARCH,0.95,GARCH,58,903,0.0642303433001107,0.05,0.0596902846381926,0.501082124348954,0.684638605602695,VaR_Backtesting,,
MSFT,sGARCH_sstd_Historical,0.99,Historical,2,903,0.0022148394241417,0.01,0.0044620389843526,,0.999841744123726,VaR_Backtesting,,
MSFT,sGARCH_sstd_Parametric,0.99,Parametric,12,903,0.0132890365448505,0.01,0.344292898745838,0.146156811371543,0.233137194923419,VaR_Backtesting,,
MSFT,sGARCH_sstd_GARCH,0.99,GARCH,9,903,0.0099667774086378,0.01,0.991990030572707,,0.946380861136597,VaR_Backtesting,,
MSFT,eGARCH_Historical,0.95,Historical,60,903,0.0664451827242525,0.05,0.0304966700254172,0.60082448470929,0.551445571012769,VaR_Backtesting,,
MSFT,eGARCH_Parametric,0.95,Parametric,45,903,0.0498338870431894,0.05,0.9817177051124,0.261544698546182,0.645095435869997,VaR_Backtesting,,
MSFT,eGARCH_GARCH,0.95,GARCH,56,903,0.062015503875969,0.05,0.109717203158412,0.36323140682018,0.66741119929051,VaR_Backtesting,,
MSFT,eGARCH_Historical,0.99,Historical,2,903,0.0022148394241417,0.01,0.0044620389843526,,0.999841744123726,VaR_Backtesting,,
MSFT,eGARCH_Parametric,0.99,Parametric,12,903,0.0132890365448505,0.01,0.344292898745838,0.146156811371543,0.233137194923419,VaR_Backtesting,,
MSFT,eGARCH_GARCH,0.99,GARCH,9,903,0.0099667774086378,0.01,0.991990030572707,,0.946380861136635,VaR_Backtesting,,
MSFT,gjrGARCH_Historical,0.95,Historical,60,903,0.0664451827242525,0.05,0.0304966700254172,0.60082448470929,0.551445571012769,VaR_Backtesting,,
MSFT,gjrGARCH_Parametric,0.95,Parametric,45,903,0.0498338870431894,0.05,0.9817177051124,0.261544698546182,0.645095435869997,VaR_Backtesting,,
MSFT,gjrGARCH_GARCH,0.95,GARCH,56,903,0.062015503875969,0.05,0.109717203158412,0.36323140682018,0.80305432035797,VaR_Backtesting,,
MSFT,gjrGARCH_Historical,0.99,Historical,2,903,0.0022148394241417,0.01,0.0044620389843526,,0.999841744123726,VaR_Backtesting,,
MSFT,gjrGARCH_Parametric,0.99,Parametric,12,903,0.0132890365448505,0.01,0.344292898745838,0.146156811371543,0.233137194923419,VaR_Backtesting,,
MSFT,gjrGARCH_GARCH,0.99,GARCH,10,903,0.0110741971207087,0.01,0.749790242865338,,0.922326437963827,VaR_Backtesting,,
MSFT,TGARCH_Historical,0.95,Historical,60,903,0.0664451827242525,0.05,0.0304966700254172,0.60082448470929,0.551445571012769,VaR_Backtesting,,
MSFT,TGARCH_Parametric,0.95,Parametric,45,903,0.0498338870431894,0.05,0.9817177051124,0.261544698546182,0.645095435869997,VaR_Backtesting,,
MSFT,TGARCH_GARCH,0.95,GARCH,55,903,0.0609080841638981,0.05,0.145267505529606,0.113447778447618,0.342447891785247,VaR_Backtesting,,
MSFT,TGARCH_Historical,0.99,Historical,2,903,0.0022148394241417,0.01,0.0044620389843526,,0.999841744123726,VaR_Backtesting,,
MSFT,TGARCH_Parametric,0.99,Parametric,12,903,0.0132890365448505,0.01,0.344292898745838,0.146156811371543,0.233137194923419,VaR_Backtesting,,
MSFT,TGARCH_GARCH,0.99,GARCH,9,903,0.0099667774086378,0.01,0.991990030572707,,0.946380861136635,VaR_Backtesting,,
PG,sGARCH_norm_Historical,0.95,Historical,46,903,0.0509413067552602,0.05,0.897038488635931,0.0318442370158474,0.0566899892499825,VaR_Backtesting,,
PG,sGARCH_norm_Parametric,0.95,Parametric,33,903,0.0365448504983389,0.05,0.0518247193415707,0.14867259994362,0.288112590491155,VaR_Backtesting,,
PG,sGARCH_norm_GARCH,0.95,GARCH,40,903,0.044296788482835,0.05,0.422991227635919,0.861525843170788,0.286613504600341,VaR_Backtesting,,
PG,sGARCH_norm_Historical,0.99,Historical,7,903,0.0077519379844961,0.01,0.479669283904298,,0.978653092958582,VaR_Backtesting,,
PG,sGARCH_norm_Parametric,0.99,Parametric,12,903,0.0132890365448505,0.01,0.344292898745838,,0.856945700567752,VaR_Backtesting,,
PG,sGARCH_norm_GARCH,0.99,GARCH,15,903,0.0166112956810631,0.01,0.0682384889707349,,0.719158925822177,VaR_Backtesting,,
PG,sGARCH_sstd_Historical,0.95,Historical,46,903,0.0509413067552602,0.05,0.897038488635931,0.0318442370158474,0.0566899892499825,VaR_Backtesting,,
PG,sGARCH_sstd_Parametric,0.95,Parametric,33,903,0.0365448504983389,0.05,0.0518247193415707,0.14867259994362,0.288112590491155,VaR_Backtesting,,
PG,sGARCH_sstd_GARCH,0.95,GARCH,43,903,0.0476190476190476,0.05,0.740794171808327,0.970704557279843,0.142982727261195,VaR_Backtesting,,
PG,sGARCH_sstd_Historical,0.99,Historical,7,903,0.0077519379844961,0.01,0.479669283904298,,0.978653092958582,VaR_Backtesting,,
PG,sGARCH_sstd_Parametric,0.99,Parametric,12,903,0.0132890365448505,0.01,0.344292898745838,,0.856945700567752,VaR_Backtesting,,
PG,sGARCH_sstd_GARCH,0.99,GARCH,10,903,0.0110741971207087,0.01,0.749790242865338,,0.922326437963746,VaR_Backtesting,,
PG,eGARCH_Historical,0.95,Historical,46,903,0.0509413067552602,0.05,0.897038488635931,0.0318442370158474,0.0566899892499825,VaR_Backtesting,,
PG,eGARCH_Parametric,0.95,Parametric,33,903,0.0365448504983389,0.05,0.0518247193415707,0.14867259994362,0.288112590491155,VaR_Backtesting,,
PG,eGARCH_GARCH,0.95,GARCH,42,903,0.0465116279069767,0.05,0.626660242003722,0.973557479977385,0.322175683331569,VaR_Backtesting,,
PG,eGARCH_Historical,0.99,Historical,7,903,0.0077519379844961,0.01,0.479669283904298,,0.978653092958582,VaR_Backtesting,,
PG,eGARCH_Parametric,0.99,Parametric,12,903,0.0132890365448505,0.01,0.344292898745838,,0.856945700567752,VaR_Backtesting,,
PG,eGARCH_GARCH,0.99,GARCH,11,903,0.0121816168327796,0.01,0.5240638502762,,0.892526353283826,VaR_Backtesting,,
PG,gjrGARCH_Historical,0.95,Historical,46,903,0.0509413067552602,0.05,0.897038488635931,0.0318442370158474,0.0566899892499825,VaR_Backtesting,,
PG,gjrGARCH_Parametric,0.95,Parametric,33,903,0.0365448504983389,0.05,0.0518247193415707,0.14867259994362,0.288112590491155,VaR_Backtesting,,
PG,gjrGARCH_GARCH,0.95,GARCH,41,903,0.0454042081949059,0.05,0.520071972228371,0.917547958844848,0.325869273620991,VaR_Backtesting,,
PG,gjrGARCH_Historical,0.99,Historical,7,903,0.0077519379844961,0.01,0.479669283904298,,0.978653092958582,VaR_Backtesting,,
PG,gjrGARCH_Parametric,0.99,Parametric,12,903,0.0132890365448505,0.01,0.344292898745838,,0.856945700567752,VaR_Backtesting,,
PG,gjrGARCH_GARCH,0.99,GARCH,11,903,0.0121816168327796,0.01,0.5240638502762,,0.892526353283826,VaR_Backtesting,,
PG,TGARCH_Historical,0.95,Historical,46,903,0.0509413067552602,0.05,0.897038488635931,0.0318442370158474,0.0566899892499825,VaR_Backtesting,,
PG,TGARCH_Parametric,0.95,Parametric,33,903,0.0365448504983389,0.05,0.0518247193415707,0.14867259994362,0.288112590491155,VaR_Backtesting,,
PG,TGARCH_GARCH,0.95,GARCH,41,903,0.0454042081949059,0.05,0.520071972228371,0.917547958844848,0.422553869290516,VaR_Backtesting,,
PG,TGARCH_Historical,0.99,Historical,7,903,0.0077519379844961,0.01,0.479669283904298,,0.978653092958582,VaR_Backtesting,,
PG,TGARCH_Parametric,0.99,Parametric,12,903,0.0132890365448505,0.01,0.344292898745838,,0.856945700567752,VaR_Backtesting,,
PG,TGARCH_GARCH,0.99,GARCH,10,903,0.0110741971207087,0.01,0.749790242865338,,0.922326437963746,VaR_Backtesting,,
CAT,sGARCH_norm_Historical,0.95,Historical,31,903,0.0343300110741971,0.05,0.0223293615881986,0.39944963233989,0.145232014681503,VaR_Backtesting,,
CAT,sGARCH_norm_Parametric,0.95,Parametric,30,903,0.0332225913621262,0.05,0.0139978037118124,0.357032985197729,0.129419933871833,VaR_Backtesting,,
CAT,sGARCH_norm_GARCH,0.95,GARCH,41,903,0.0454042081949059,0.05,0.520071972228371,0.009718880063543,0.0261840951725142,VaR_Backtesting,,
CAT,sGARCH_norm_Historical,0.99,Historical,5,903,0.0055370985603543,0.01,0.141001490387177,,0.994096040888218,VaR_Backtesting,,
CAT,sGARCH_norm_Parametric,0.99,Parametric,12,903,0.0132890365448505,0.01,0.344292898745838,,0.558243873395922,VaR_Backtesting,,
CAT,sGARCH_norm_GARCH,0.99,GARCH,18,903,0.0199335548172757,0.01,0.0082250569665779,,0.209957913801803,VaR_Backtesting,,
CAT,sGARCH_sstd_Historical,0.95,Historical,31,903,0.0343300110741971,0.05,0.0223293615881986,0.39944963233989,0.145232014681503,VaR_Backtesting,,
CAT,sGARCH_sstd_Parametric,0.95,Parametric,30,903,0.0332225913621262,0.05,0.0139978037118124,0.357032985197729,0.129419933871833,VaR_Backtesting,,
CAT,sGARCH_sstd_GARCH,0.95,GARCH,48,903,0.053156146179402,0.05,0.666512134369931,0.0480795232800136,0.0774355607347907,VaR_Backtesting,,
CAT,sGARCH_sstd_Historical,0.99,Historical,5,903,0.0055370985603543,0.01,0.141001490387177,,0.994096040888218,VaR_Backtesting,,
CAT,sGARCH_sstd_Parametric,0.99,Parametric,12,903,0.0132890365448505,0.01,0.344292898745838,,0.558243873395922,VaR_Backtesting,,
CAT,sGARCH_sstd_GARCH,0.99,GARCH,11,903,0.0121816168327796,0.01,0.5240638502762,,0.892526353283835,VaR_Backtesting,,
CAT,eGARCH_Historical,0.95,Historical,31,903,0.0343300110741971,0.05,0.0223293615881986,0.39944963233989,0.145232014681503,VaR_Backtesting,,
CAT,eGARCH_Parametric,0.95,Parametric,30,903,0.0332225913621262,0.05,0.0139978037118124,0.357032985197729,0.129419933871833,VaR_Backtesting,,
CAT,eGARCH_GARCH,0.95,GARCH,48,903,0.053156146179402,0.05,0.666512134369931,0.0480795232800136,0.139510740680751,VaR_Backtesting,,
CAT,eGARCH_Historical,0.99,Historical,5,903,0.0055370985603543,0.01,0.141001490387177,,0.994096040888218,VaR_Backtesting,,
CAT,eGARCH_Parametric,0.99,Parametric,12,903,0.0132890365448505,0.01,0.344292898745838,,0.558243873395922,VaR_Backtesting,,
CAT,eGARCH_GARCH,0.99,GARCH,10,903,0.0110741971207087,0.01,0.749790242865338,,0.922326437963761,VaR_Backtesting,,
CAT,gjrGARCH_Historical,0.95,Historical,31,903,0.0343300110741971,0.05,0.0223293615881986,0.39944963233989,0.145232014681503,VaR_Backtesting,,
CAT,gjrGARCH_Parametric,0.95,Parametric,30,903,0.0332225913621262,0.05,0.0139978037118124,0.357032985197729,0.129419933871833,VaR_Backtesting,,
CAT,gjrGARCH_GARCH,0.95,GARCH,46,903,0.0509413067552602,0.05,0.897038488635931,0.0318442370158474,0.105552199167124,VaR_Backtesting,,
CAT,gjrGARCH_Historical,0.99,Historical,5,903,0.0055370985603543,0.01,0.141001490387177,,0.994096040888218,VaR_Backtesting,,
CAT,gjrGARCH_Parametric,0.99,Parametric,12,903,0.0132890365448505,0.01,0.344292898745838,,0.558243873395922,VaR_Backtesting,,
CAT,gjrGARCH_GARCH,0.99,GARCH,10,903,0.0110741971207087,0.01,0.749790242865338,,0.9223264379638,VaR_Backtesting,,
CAT,TGARCH_Historical,0.95,Historical,31,903,0.0343300110741971,0.05,0.0223293615881986,0.39944963233989,0.145232014681503,VaR_Backtesting,,
CAT,TGARCH_Parametric,0.95,Parametric,30,903,0.0332225913621262,0.05,0.0139978037118124,0.357032985197729,0.129419933871833,VaR_Backtesting,,
CAT,TGARCH_GARCH,0.95,GARCH,48,903,0.053156146179402,0.05,0.666512134369931,0.0480795232800136,0.139510740680751,VaR_Backtesting,,
CAT,TGARCH_Historical,0.99,Historical,5,903,0.0055370985603543,0.01,0.141001490387177,,0.994096040888218,VaR_Backtesting,,
CAT,TGARCH_Parametric,0.99,Parametric,12,903,0.0132890365448505,0.01,0.344292898745838,,0.558243873395922,VaR_Backtesting,,
CAT,TGARCH_GARCH,0.99,GARCH,10,903,0.0110741971207087,0.01,0.749790242865338,,0.922326437963761,VaR_Backtesting,,
WMT,sGARCH_norm_Historical,0.95,Historical,42,903,0.0465116279069767,0.05,0.626660242003722,0.973557479977385,0.970636419060696,VaR_Backtesting,,
WMT,sGARCH_norm_Parametric,0.95,Parametric,27,903,0.0299003322259136,0.05,0.0028252124897627,0.244828325830979,0.135083854922715,VaR_Backtesting,,
WMT,sGARCH_norm_GARCH,0.95,GARCH,31,903,0.0343300110741971,0.05,0.0223293615881986,0.947165007168363,0.94858600463864,VaR_Backtesting,,
WMT,sGARCH_norm_Historical,0.99,Historical,7,903,0.0077519379844961,0.01,0.479669283904298,0.0402975939010444,0.31070434217706,VaR_Backtesting,,
WMT,sGARCH_norm_Parametric,0.99,Parametric,8,903,0.008859357696567,0.01,0.725361830788812,0.0556969957912014,0.3698463776575,VaR_Backtesting,,
WMT,sGARCH_norm_GARCH,0.99,GARCH,8,903,0.008859357696567,0.01,0.725361830788812,0.0556969957912014,0.369846377657471,VaR_Backtesting,,
WMT,sGARCH_sstd_Historical,0.95,Historical,42,903,0.0465116279069767,0.05,0.626660242003722,0.973557479977385,0.970636419060696,VaR_Backtesting,,
WMT,sGARCH_sstd_Parametric,0.95,Parametric,27,903,0.0299003322259136,0.05,0.0028252124897627,0.244828325830979,0.135083854922715,VaR_Backtesting,,
WMT,sGARCH_sstd_GARCH,0.95,GARCH,44,903,0.0487264673311185,0.05,0.860052863235521,0.915488557823054,0.999692827900334,VaR_Backtesting,,
WMT,sGARCH_sstd_Historical,0.99,Historical,7,903,0.0077519379844961,0.01,0.479669283904298,0.0402975939010444,0.31070434217706,VaR_Backtesting,,
WMT,sGARCH_sstd_Parametric,0.99,Parametric,8,903,0.008859357696567,0.01,0.725361830788812,0.0556969957912014,0.3698463776575,VaR_Backtesting,,
WMT,sGARCH_sstd_GARCH,0.99,GARCH,6,903,0.0066445182724252,0.01,0.280483959269858,0.0276388432933532,0.247161366522379,VaR_Backtesting,,
WMT,eGARCH_Historical,0.95,Historical,42,903,0.0465116279069767,0.05,0.626660242003722,0.973557479977385,0.970636419060696,VaR_Backtesting,,
WMT,eGARCH_Parametric,0.95,Parametric,27,903,0.0299003322259136,0.05,0.0028252124897627,0.244828325830979,0.135083854922715,VaR_Backtesting,,
WMT,eGARCH_GARCH,0.95,GARCH,43,903,0.0476190476190476,0.05,0.740794171808327,0.970704557279843,0.94729044264633,VaR_Backtesting,,
WMT,eGARCH_Historical,0.99,Historical,7,903,0.0077519379844961,0.01,0.479669283904298,0.0402975939010444,0.31070434217706,VaR_Backtesting,,
WMT,eGARCH_Parametric,0.99,Parametric,8,903,0.008859357696567,0.01,0.725361830788812,0.0556969957912014,0.3698463776575,VaR_Backtesting,,
WMT,eGARCH_GARCH,0.99,GARCH,6,903,0.0066445182724252,0.01,0.280483959269858,0.0276388432933532,0.247161366522379,VaR_Backtesting,,
WMT,gjrGARCH_Historical,0.95,Historical,42,903,0.0465116279069767,0.05,0.626660242003722,0.973557479977385,0.970636419060696,VaR_Backtesting,,
WMT,gjrGARCH_Parametric,0.95,Parametric,27,903,0.0299003322259136,0.05,0.0028252124897627,0.244828325830979,0.135083854922715,VaR_Backtesting,,
WMT,gjrGARCH_GARCH,0.95,GARCH,47,903,0.0520487264673311,0.05,0.778956550345904,0.755289842666394,0.98132931921506,VaR_Backtesting,,
WMT,gjrGARCH_Historical,0.99,Historical,7,903,0.0077519379844961,0.01,0.479669283904298,0.0402975939010444,0.31070434217706,VaR_Backtesting,,
WMT,gjrGARCH_Parametric,0.99,Parametric,8,903,0.008859357696567,0.01,0.725361830788812,0.0556969957912014,0.3698463776575,VaR_Backtesting,,
WMT,gjrGARCH_GARCH,0.99,GARCH,5,903,0.0055370985603543,0.01,0.141001490387177,,0.994096040888212,VaR_Backtesting,,
WMT,TGARCH_Historical,0.95,Historical,42,903,0.0465116279069767,0.05,0.626660242003722,0.973557479977385,0.970636419060696,VaR_Backtesting,,
WMT,TGARCH_Parametric,0.95,Parametric,27,903,0.0299003322259136,0.05,0.0028252124897627,0.244828325830979,0.135083854922715,VaR_Backtesting,,
WMT,TGARCH_GARCH,0.95,GARCH,44,903,0.0487264673311185,0.05,0.860052863235521,0.943174583795152,0.946732217279475,VaR_Backtesting,,
WMT,TGARCH_Historical,0.99,Historical,7,903,0.0077519379844961,0.01,0.479669283904298,0.0402975939010444,0.31070434217706,VaR_Backtesting,,
WMT,TGARCH_Parametric,0.99,Parametric,8,903,0.008859357696567,0.01,0.725361830788812,0.0556969957912014,0.3698463776575,VaR_Backtesting,,
WMT,TGARCH_GARCH,0.99,GARCH,6,903,0.0066445182724252,0.01,0.280483959269858,0.0276388432933532,0.247161366522379,VaR_Backtesting,,
AMZN,sGARCH_norm_Historical,0.95,Historical,46,903,0.0509413067552602,0.05,0.897038488635931,0.0016602113995245,0.0046086336360583,VaR_Backtesting,,
AMZN,sGARCH_norm_Parametric,0.95,Parametric,35,903,0.0387596899224806,0.05,0.107223926885567,0.0016398520612127,0.0049612372790679,VaR_Backtesting,,
AMZN,sGARCH_norm_GARCH,0.95,GARCH,39,903,0.0431893687707641,0.05,0.336805932984113,0.805755524568663,0.329980322597773,VaR_Backtesting,,
AMZN,sGARCH_norm_Historical,0.99,Historical,9,903,0.0099667774086378,0.01,0.991990030572707,,0.453401754289516,VaR_Backtesting,,
AMZN,sGARCH_norm_Parametric,0.99,Parametric,10,903,0.0110741971207087,0.01,0.749790242865338,,0.496291241815984,VaR_Backtesting,,
AMZN,sGARCH_norm_GARCH,0.99,GARCH,12,903,0.0132890365448505,0.01,0.344292898745838,,0.856945700567711,VaR_Backtesting,,
AMZN,sGARCH_sstd_Historical,0.95,Historical,46,903,0.0509413067552602,0.05,0.897038488635931,0.0016602113995245,0.0046086336360583,VaR_Backtesting,,
AMZN,sGARCH_sstd_Parametric,0.95,Parametric,35,903,0.0387596899224806,0.05,0.107223926885567,0.0016398520612127,0.0049612372790679,VaR_Backtesting,,
AMZN,sGARCH_sstd_GARCH,0.95,GARCH,47,903,0.0520487264673311,0.05,0.778956550345904,0.333528649610116,0.420092411015387,VaR_Backtesting,,
AMZN,sGARCH_sstd_Historical,0.99,Historical,9,903,0.0099667774086378,0.01,0.991990030572707,,0.453401754289516,VaR_Backtesting,,
AMZN,sGARCH_sstd_Parametric,0.99,Parametric,10,903,0.0110741971207087,0.01,0.749790242865338,,0.496291241815984,VaR_Backtesting,,
AMZN,sGARCH_sstd_GARCH,0.99,GARCH,8,903,0.008859357696567,0.01,0.725361830788812,,0.964983090273868,VaR_Backtesting,,
AMZN,eGARCH_Historical,0.95,Historical,46,903,0.0509413067552602,0.05,0.897038488635931,0.0016602113995245,0.0046086336360583,VaR_Backtesting,,
AMZN,eGARCH_Parametric,0.95,Parametric,35,903,0.0387596899224806,0.05,0.107223926885567,0.0016398520612127,0.0049612372790679,VaR_Backtesting,,
AMZN,eGARCH_GARCH,0.95,GARCH,45,903,0.0498338870431894,0.05,0.9817177051124,0.330657583743112,0.316751702731296,VaR_Backtesting,,
AMZN,eGARCH_Historical,0.99,Historical,9,903,0.0099667774086378,0.01,0.991990030572707,,0.453401754289516,VaR_Backtesting,,
AMZN,eGARCH_Parametric,0.99,Parametric,10,903,0.0110741971207087,0.01,0.749790242865338,,0.496291241815984,VaR_Backtesting,,
AMZN,eGARCH_GARCH,0.99,GARCH,7,903,0.0077519379844961,0.01,0.479669283904298,,0.978653092958541,VaR_Backtesting,,
AMZN,gjrGARCH_Historical,0.95,Historical,46,903,0.0509413067552602,0.05,0.897038488635931,0.0016602113995245,0.0046086336360583,VaR_Backtesting,,
AMZN,gjrGARCH_Parametric,0.95,Parametric,35,903,0.0387596899224806,0.05,0.107223926885567,0.0016398520612127,0.0049612372790679,VaR_Backtesting,,
AMZN,gjrGARCH_GARCH,0.95,GARCH,41,903,0.0454042081949059,0.05,0.520071972228371,0.917547958844848,0.772932612633609,VaR_Backtesting,,
AMZN,gjrGARCH_Historical,0.99,Historical,9,903,0.0099667774086378,0.01,0.991990030572707,,0.453401754289516,VaR_Backtesting,,
AMZN,gjrGARCH_Parametric,0.99,Parametric,10,903,0.0110741971207087,0.01,0.749790242865338,,0.496291241815984,VaR_Backtesting,,
AMZN,gjrGARCH_GARCH,0.99,GARCH,9,903,0.0099667774086378,0.01,0.991990030572707,,0.946380861136634,VaR_Backtesting,,
AMZN,TGARCH_Historical,0.95,Historical,46,903,0.0509413067552602,0.05,0.897038488635931,0.0016602113995245,0.0046086336360583,VaR_Backtesting,,
AMZN,TGARCH_Parametric,0.95,Parametric,35,903,0.0387596899224806,0.05,0.107223926885567,0.0016398520612127,0.0049612372790679,VaR_Backtesting,,
AMZN,TGARCH_GARCH,0.95,GARCH,41,903,0.0454042081949059,0.05,0.520071972228371,0.47043229704145,0.552945462266289,VaR_Backtesting,,
AMZN,TGARCH_Historical,0.99,Historical,9,903,0.0099667774086378,0.01,0.991990030572707,,0.453401754289516,VaR_Backtesting,,
AMZN,TGARCH_Parametric,0.99,Parametric,10,903,0.0110741971207087,0.01,0.749790242865338,,0.496291241815984,VaR_Backtesting,,
AMZN,TGARCH_GARCH,0.99,GARCH,10,903,0.0110741971207087,0.01,0.749790242865338,,0.922326437963777,VaR_Backtesting,,
EURUSD,sGARCH_norm_Historical,0.95,Historical,27,903,0.0299003322259136,0.05,0.0028252124897627,0.049188905400833,0.227506636866591,VaR_Backtesting,,
EURUSD,sGARCH_norm_Parametric,0.95,Parametric,27,903,0.0299003322259136,0.05,0.0028252124897627,0.049188905400833,0.227506636866591,VaR_Backtesting,,
EURUSD,sGARCH_norm_GARCH,0.95,GARCH,47,903,0.0520487264673311,0.05,0.778956550345904,0.333528649610116,0.446924995525844,VaR_Backtesting,,
EURUSD,sGARCH_norm_Historical,0.99,Historical,3,903,0.0033222591362126,0.01,0.019137121459665,,0.999206271532833,VaR_Backtesting,,
EURUSD,sGARCH_norm_Parametric,0.99,Parametric,8,903,0.008859357696567,0.01,0.725361830788812,,0.964983090273842,VaR_Backtesting,,
EURUSD,sGARCH_norm_GARCH,0.99,GARCH,14,903,0.0155038759689922,0.01,0.124018663009527,,0.769647177929871,VaR_Backtesting,,
EURUSD,sGARCH_sstd_Historical,0.95,Historical,27,903,0.0299003322259136,0.05,0.0028252124897627,0.049188905400833,0.227506636866591,VaR_Backtesting,,
EURUSD,sGARCH_sstd_Parametric,0.95,Parametric,27,903,0.0299003322259136,0.05,0.0028252124897627,0.049188905400833,0.227506636866591,VaR_Backtesting,,
EURUSD,sGARCH_sstd_GARCH,0.95,GARCH,47,903,0.0520487264673311,0.05,0.778956550345904,0.333528649610116,0.446924995525844,VaR_Backtesting,,
EURUSD,sGARCH_sstd_Historical,0.99,Historical,3,903,0.0033222591362126,0.01,0.019137121459665,,0.999206271532833,VaR_Backtesting,,
EURUSD,sGARCH_sstd_Parametric,0.99,Parametric,8,903,0.008859357696567,0.01,0.725361830788812,,0.964983090273842,VaR_Backtesting,,
EURUSD,sGARCH_sstd_GARCH,0.99,GARCH,10,903,0.0110741971207087,0.01,0.749790242865338,,0.922326437963777,VaR_Backtesting,,
EURUSD,eGARCH_Historical,0.95,Historical,27,903,0.0299003322259136,0.05,0.0028252124897627,0.049188905400833,0.227506636866591,VaR_Backtesting,,
EURUSD,eGARCH_Parametric,0.95,Parametric,27,903,0.0299003322259136,0.05,0.0028252124897627,0.049188905400833,0.227506636866591,VaR_Backtesting,,
EURUSD,eGARCH_GARCH,0.95,GARCH,40,903,0.044296788482835,0.05,0.422991227635919,0.861525843170788,0.329223624990468,VaR_Backtesting,,
EURUSD,eGARCH_Historical,0.99,Historical,3,903,0.0033222591362126,0.01,0.019137121459665,,0.999206271532833,VaR_Backtesting,,
EURUSD,eGARCH_Parametric,0.99,Parametric,8,903,0.008859357696567,0.01,0.725361830788812,,0.964983090273842,VaR_Backtesting,,
EURUSD,eGARCH_GARCH,0.99,GARCH,8,903,0.008859357696567,0.01,0.725361830788812,,0.964983090273879,VaR_Backtesting,,
EURUSD,gjrGARCH_Historical,0.95,Historical,27,903,0.0299003322259136,0.05,0.0028252124897627,0.049188905400833,0.227506636866591,VaR_Backtesting,,
EURUSD,gjrGARCH_Parametric,0.95,Parametric,27,903,0.0299003322259136,0.05,0.0028252124897627,0.049188905400833,0.227506636866591,VaR_Backtesting,,
EURUSD,gjrGARCH_GARCH,0.95,GARCH,46,903,0.0509413067552602,0.05,0.897038488635931,0.807564343463257,0.669910038537898,VaR_Backtesting,,
EURUSD,gjrGARCH_Historical,0.99,Historical,3,903,0.0033222591362126,0.01,0.019137121459665,,0.999206271532833,VaR_Backtesting,,
EURUSD,gjrGARCH_Parametric,0.99,Parametric,8,903,0.008859357696567,0.01,0.725361830788812,,0.964983090273842,VaR_Backtesting,,
EURUSD,gjrGARCH_GARCH,0.99,GARCH,11,903,0.0121816168327796,0.01,0.5240638502762,,0.892526353283885,VaR_Backtesting,,
EURUSD,TGARCH_Historical,0.95,Historical,27,903,0.0299003322259136,0.05,0.0028252124897627,0.049188905400833,0.227506636866591,VaR_Backtesting,,
EURUSD,TGARCH_Parametric,0.95,Parametric,27,903,0.0299003322259136,0.05,0.0028252124897627,0.049188905400833,0.227506636866591,VaR_Backtesting,,
EURUSD,TGARCH_GARCH,0.95,GARCH,47,903,0.0520487264673311,0.05,0.778956550345904,0.718790654220571,0.595157089539067,VaR_Backtesting,,
EURUSD,TGARCH_Historical,0.99,Historical,3,903,0.0033222591362126,0.01,0.019137121459665,,0.999206271532833,VaR_Backtesting,,
EURUSD,TGARCH_Parametric,0.99,Parametric,8,903,0.008859357696567,0.01,0.725361830788812,,0.964983090273842,VaR_Backtesting,,
EURUSD,TGARCH_GARCH,0.99,GARCH,10,903,0.0110741971207087,0.01,0.749790242865338,,0.922326437963777,VaR_Backtesting,,
GBPUSD,sGARCH_norm_Historical,0.95,Historical,36,903,0.0398671096345515,0.05,0.1481386074974,0.64260961592064,0.267580955427305,VaR_Backtesting,,
GBPUSD,sGARCH_norm_Parametric,0.95,Parametric,31,903,0.0343300110741971,0.05,0.0223293615881986,0.39944963233989,0.164190254424652,VaR_Backtesting,,
GBPUSD,sGARCH_norm_GARCH,0.95,GARCH,52,903,0.0575858250276855,0.05,0.306614797762293,0.998915814118021,0.250909680951394,VaR_Backtesting,,
GBPUSD,sGARCH_norm_Historical,0.99,Historical,6,903,0.0066445182724252,0.01,0.280483959269858,0.0276388432933532,0.24716136652238,VaR_Backtesting,,
GBPUSD,sGARCH_norm_Parametric,0.99,Parametric,12,903,0.0132890365448505,0.01,0.344292898745838,0.146156811371543,0.214934894073166,VaR_Backtesting,,
GBPUSD,sGARCH_norm_GARCH,0.99,GARCH,19,903,0.0210409745293466,0.01,0.0036719810477142,0.0605454099790642,0.0626947582526027,VaR_Backtesting,,
GBPUSD,sGARCH_sstd_Historical,0.95,Historical,36,903,0.0398671096345515,0.05,0.1481386074974,0.64260961592064,0.267580955427305,VaR_Backtesting,,
GBPUSD,sGARCH_sstd_Parametric,0.95,Parametric,31,903,0.0343300110741971,0.05,0.0223293615881986,0.39944963233989,0.164190254424652,VaR_Backtesting,,
GBPUSD,sGARCH_sstd_GARCH,0.95,GARCH,50,903,0.0553709856035437,0.05,0.466293951638799,0.607441579844434,0.274685266541307,VaR_Backtesting,,
GBPUSD,sGARCH_sstd_Historical,0.99,Historical,6,903,0.0066445182724252,0.01,0.280483959269858,0.0276388432933532,0.24716136652238,VaR_Backtesting,,
GBPUSD,sGARCH_sstd_Parametric,0.99,Parametric,12,903,0.0132890365448505,0.01,0.344292898745838,0.146156811371543,0.214934894073166,VaR_Backtesting,,
GBPUSD,sGARCH_sstd_GARCH,0.99,GARCH,13,903,0.0143964562569214,0.01,0.21284365269469,0.176098972810671,0.366394631611737,VaR_Backtesting,,
GBPUSD,eGARCH_Historical,0.95,Historical,36,903,0.0398671096345515,0.05,0.1481386074974,0.64260961592064,0.267580955427305,VaR_Backtesting,,
GBPUSD,eGARCH_Parametric,0.95,Parametric,31,903,0.0343300110741971,0.05,0.0223293615881986,0.39944963233989,0.164190254424652,VaR_Backtesting,,
GBPUSD,eGARCH_GARCH,0.95,GARCH,43,903,0.0476190476190476,0.05,0.740794171808327,0.970704557279843,0.539247462188532,VaR_Backtesting,,
GBPUSD,eGARCH_Historical,0.99,Historical,6,903,0.0066445182724252,0.01,0.280483959269858,0.0276388432933532,0.24716136652238,VaR_Backtesting,,
GBPUSD,eGARCH_Parametric,0.99,Parametric,12,903,0.0132890365448505,0.01,0.344292898745838,0.146156811371543,0.214934894073166,VaR_Backtesting,,
GBPUSD,eGARCH_GARCH,0.99,GARCH,14,903,0.0155038759689922,0.01,0.124018663009527,0.208916278334565,0.318436758326864,VaR_Backtesting,,
GBPUSD,gjrGARCH_Historical,0.95,Historical,36,903,0.0398671096345515,0.05,0.1481386074974,0.64260961592064,0.267580955427305,VaR_Backtesting,,
GBPUSD,gjrGARCH_Parametric,0.95,Parametric,31,903,0.0343300110741971,0.05,0.0223293615881986,0.39944963233989,0.164190254424652,VaR_Backtesting,,
GBPUSD,gjrGARCH_GARCH,0.95,GARCH,48,903,0.053156146179402,0.05,0.666512134369931,0.773788682406706,0.274207894186782,VaR_Backtesting,,
GBPUSD,gjrGARCH_Historical,0.99,Historical,6,903,0.0066445182724252,0.01,0.280483959269858,0.0276388432933532,0.24716136652238,VaR_Backtesting,,
GBPUSD,gjrGARCH_Parametric,0.99,Parametric,12,903,0.0132890365448505,0.01,0.344292898745838,0.146156811371543,0.214934894073166,VaR_Backtesting,,
GBPUSD,gjrGARCH_GARCH,0.99,GARCH,15,903,0.0166112956810631,0.01,0.0682384889707349,0.24453199620463,0.375145139817619,VaR_Backtesting,,
GBPUSD,TGARCH_Historical,0.95,Historical,36,903,0.0398671096345515,0.05,0.1481386074974,0.64260961592064,0.267580955427305,VaR_Backtesting,,
GBPUSD,TGARCH_Parametric,0.95,Parametric,31,903,0.0343300110741971,0.05,0.0223293615881986,0.39944963233989,0.164190254424652,VaR_Backtesting,,
GBPUSD,TGARCH_GARCH,0.95,GARCH,47,903,0.0520487264673311,0.05,0.778956550345904,0.78140529410354,0.305788389163237,VaR_Backtesting,,
GBPUSD,TGARCH_Historical,0.99,Historical,6,903,0.0066445182724252,0.01,0.280483959269858,0.0276388432933532,0.24716136652238,VaR_Backtesting,,
GBPUSD,TGARCH_Parametric,0.99,Parametric,12,903,0.0132890365448505,0.01,0.344292898745838,0.146156811371543,0.214934894073166,VaR_Backtesting,,
GBPUSD,TGARCH_GARCH,0.99,GARCH,15,903,0.0166112956810631,0.01,0.0682384889707349,0.24453199620463,0.375145139817619,VaR_Backtesting,,
GBPCNY,sGARCH_norm_Historical,0.95,Historical,24,903,0.026578073089701,0.05,0.000410394550974,0.0244737772380023,0.0685663349322083,VaR_Backtesting,,
GBPCNY,sGARCH_norm_Parametric,0.95,Parametric,21,903,0.0232558139534884,0.05,4.10129770103129e-05,,0.304001751191288,VaR_Backtesting,,
GBPCNY,sGARCH_norm_GARCH,0.95,GARCH,54,903,0.0598006644518272,0.05,0.189314614442164,0.309654856406409,0.446956522069726,VaR_Backtesting,,
GBPCNY,sGARCH_norm_Historical,0.99,Historical,6,903,0.0066445182724252,0.01,0.280483959269858,,0.28238952139298,VaR_Backtesting,,
GBPCNY,sGARCH_norm_Parametric,0.99,Parametric,7,903,0.0077519379844961,0.01,0.479669283904298,,0.344236757369067,VaR_Backtesting,,
GBPCNY,sGARCH_norm_GARCH,0.99,GARCH,14,903,0.0155038759689922,0.01,0.124018663009527,,0.568051283999064,VaR_Backtesting,,
GBPCNY,sGARCH_sstd_Historical,0.95,Historical,24,903,0.026578073089701,0.05,0.000410394550974,0.0244737772380023,0.0685663349322083,VaR_Backtesting,,
GBPCNY,sGARCH_sstd_Parametric,0.95,Parametric,21,903,0.0232558139534884,0.05,4.10129770103129e-05,,0.304001751191288,VaR_Backtesting,,
GBPCNY,sGARCH_sstd_GARCH,0.95,GARCH,53,903,0.0586932447397564,0.05,0.242840794388642,0.274168782294206,0.432142316481864,VaR_Backtesting,,
GBPCNY,sGARCH_sstd_Historical,0.99,Historical,6,903,0.0066445182724252,0.01,0.280483959269858,,0.28238952139298,VaR_Backtesting,,
GBPCNY,sGARCH_sstd_Parametric,0.99,Parametric,7,903,0.0077519379844961,0.01,0.479669283904298,,0.344236757369067,VaR_Backtesting,,
GBPCNY,sGARCH_sstd_GARCH,0.99,GARCH,9,903,0.0099667774086378,0.01,0.991990030572707,,0.946380861136637,VaR_Backtesting,,
GBPCNY,eGARCH_Historical,0.95,Historical,24,903,0.026578073089701,0.05,0.000410394550974,0.0244737772380023,0.0685663349322083,VaR_Backtesting,,
GBPCNY,eGARCH_Parametric,0.95,Parametric,21,903,0.0232558139534884,0.05,4.10129770103129e-05,,0.304001751191288,VaR_Backtesting,,
GBPCNY,eGARCH_GARCH,0.95,GARCH,52,903,0.0575858250276855,0.05,0.306614797762293,0.0916238824474144,0.238586296452654,VaR_Backtesting,,
GBPCNY,eGARCH_Historical,0.99,Historical,6,903,0.0066445182724252,0.01,0.280483959269858,,0.28238952139298,VaR_Backtesting,,
GBPCNY,eGARCH_Parametric,0.99,Parametric,7,903,0.0077519379844961,0.01,0.479669283904298,,0.344236757369067,VaR_Backtesting,,
GBPCNY,eGARCH_GARCH,0.99,GARCH,9,903,0.0099667774086378,0.01,0.991990030572707,,0.946380861136637,VaR_Backtesting,,
GBPCNY,gjrGARCH_Historical,0.95,Historical,24,903,0.026578073089701,0.05,0.000410394550974,0.0244737772380023,0.0685663349322083,VaR_Backtesting,,
GBPCNY,gjrGARCH_Parametric,0.95,Parametric,21,903,0.0232558139534884,0.05,4.10129770103129e-05,,0.304001751191288,VaR_Backtesting,,
GBPCNY,gjrGARCH_GARCH,0.95,GARCH,53,903,0.0586932447397564,0.05,0.242840794388642,0.274168782294206,0.432142316481864,VaR_Backtesting,,
GBPCNY,gjrGARCH_Historical,0.99,Historical,6,903,0.0066445182724252,0.01,0.280483959269858,,0.28238952139298,VaR_Backtesting,,
GBPCNY,gjrGARCH_Parametric,0.99,Parametric,7,903,0.0077519379844961,0.01,0.479669283904298,,0.344236757369067,VaR_Backtesting,,
GBPCNY,gjrGARCH_GARCH,0.99,GARCH,9,903,0.0099667774086378,0.01,0.991990030572707,,0.946380861136637,VaR_Backtesting,,
GBPCNY,TGARCH_Historical,0.95,Historical,24,903,0.026578073089701,0.05,0.000410394550974,0.0244737772380023,0.0685663349322083,VaR_Backtesting,,
GBPCNY,TGARCH_Parametric,0.95,Parametric,21,903,0.0232558139534884,0.05,4.10129770103129e-05,,0.304001751191288,VaR_Backtesting,,
GBPCNY,TGARCH_GARCH,0.95,GARCH,53,903,0.0586932447397564,0.05,0.242840794388642,0.274168782294206,0.43214231648184,VaR_Backtesting,,
GBPCNY,TGARCH_Historical,0.99,Historical,6,903,0.0066445182724252,0.01,0.280483959269858,,0.28238952139298,VaR_Backtesting,,
GBPCNY,TGARCH_Parametric,0.99,Parametric,7,903,0.0077519379844961,0.01,0.479669283904298,,0.344236757369067,VaR_Backtesting,,
GBPCNY,TGARCH_GARCH,0.99,GARCH,9,903,0.0099667774086378,0.01,0.991990030572707,,0.946380861136637,VaR_Backtesting,,
USDZAR,sGARCH_norm_Historical,0.95,Historical,28,903,0.0310077519379845,0.05,0.0049857649657396,,0.232204074974414,VaR_Backtesting,,
USDZAR,sGARCH_norm_Parametric,0.95,Parametric,16,903,0.017718715393134,0.05,3.27111357334431e-07,,0.584937237999553,VaR_Backtesting,,
USDZAR,sGARCH_norm_GARCH,0.95,GARCH,38,903,0.0420819490586932,0.05,0.26227367275848,,0.0988988746680705,VaR_Backtesting,,
USDZAR,sGARCH_norm_Historical,0.99,Historical,3,903,0.0033222591362126,0.01,0.019137121459665,,0.999206271532839,VaR_Backtesting,,
USDZAR,sGARCH_norm_Parametric,0.99,Parametric,3,903,0.0033222591362126,0.01,0.019137121459665,,0.999206271532839,VaR_Backtesting,,
USDZAR,sGARCH_norm_GARCH,0.99,GARCH,13,903,0.0143964562569214,0.01,0.21284365269469,,0.572553927250098,VaR_Backtesting,,
USDZAR,sGARCH_sstd_Historical,0.95,Historical,28,903,0.0310077519379845,0.05,0.0049857649657396,,0.232204074974414,VaR_Backtesting,,
USDZAR,sGARCH_sstd_Parametric,0.95,Parametric,16,903,0.017718715393134,0.05,3.27111357334431e-07,,0.584937237999553,VaR_Backtesting,,
USDZAR,sGARCH_sstd_GARCH,0.95,GARCH,43,903,0.0476190476190476,0.05,0.740794171808327,0.396493395687246,0.245163619083665,VaR_Backtesting,,
USDZAR,sGARCH_sstd_Historical,0.99,Historical,3,903,0.0033222591362126,0.01,0.019137121459665,,0.999206271532839,VaR_Backtesting,,
USDZAR,sGARCH_sstd_Parametric,0.99,Parametric,3,903,0.0033222591362126,0.01,0.019137121459665,,0.999206271532839,VaR_Backtesting,,
USDZAR,sGARCH_sstd_GARCH,0.99,GARCH,13,903,0.0143964562569214,0.01,0.21284365269469,,0.572553927250098,VaR_Backtesting,,
USDZAR,eGARCH_Historical,0.95,Historical,28,903,0.0310077519379845,0.05,0.0049857649657396,,0.232204074974414,VaR_Backtesting,,
USDZAR,eGARCH_Parametric,0.95,Parametric,16,903,0.017718715393134,0.05,3.27111357334431e-07,,0.584937237999553,VaR_Backtesting,,
USDZAR,eGARCH_GARCH,0.95,GARCH,43,903,0.0476190476190476,0.05,0.740794171808327,0.396493395687246,0.245163619083675,VaR_Backtesting,,
USDZAR,eGARCH_Historical,0.99,Historical,3,903,0.0033222591362126,0.01,0.019137121459665,,0.999206271532839,VaR_Backtesting,,
USDZAR,eGARCH_Parametric,0.99,Parametric,3,903,0.0033222591362126,0.01,0.019137121459665,,0.999206271532839,VaR_Backtesting,,
USDZAR,eGARCH_GARCH,0.99,GARCH,12,903,0.0132890365448505,0.01,0.344292898745838,,0.553899627834798,VaR_Backtesting,,
USDZAR,gjrGARCH_Historical,0.95,Historical,28,903,0.0310077519379845,0.05,0.0049857649657396,,0.232204074974414,VaR_Backtesting,,
USDZAR,gjrGARCH_Parametric,0.95,Parametric,16,903,0.017718715393134,0.05,3.27111357334431e-07,,0.584937237999553,VaR_Backtesting,,
USDZAR,gjrGARCH_GARCH,0.95,GARCH,42,903,0.0465116279069767,0.05,0.626660242003722,0.432452597404257,0.265817823575959,VaR_Backtesting,,
USDZAR,gjrGARCH_Historical,0.99,Historical,3,903,0.0033222591362126,0.01,0.019137121459665,,0.999206271532839,VaR_Backtesting,,
USDZAR,gjrGARCH_Parametric,0.99,Parametric,3,903,0.0033222591362126,0.01,0.019137121459665,,0.999206271532839,VaR_Backtesting,,
USDZAR,gjrGARCH_GARCH,0.99,GARCH,13,903,0.0143964562569214,0.01,0.21284365269469,,0.572553927250098,VaR_Backtesting,,
USDZAR,TGARCH_Historical,0.95,Historical,28,903,0.0310077519379845,0.05,0.0049857649657396,,0.232204074974414,VaR_Backtesting,,
USDZAR,TGARCH_Parametric,0.95,Parametric,16,903,0.017718715393134,0.05,3.27111357334431e-07,,0.584937237999553,VaR_Backtesting,,
USDZAR,TGARCH_GARCH,0.95,GARCH,44,903,0.0487264673311185,0.05,0.860052863235521,0.362563683441685,0.780120566295287,VaR_Backtesting,,
USDZAR,TGARCH_Historical,0.99,Historical,3,903,0.0033222591362126,0.01,0.019137121459665,,0.999206271532839,VaR_Backtesting,,
USDZAR,TGARCH_Parametric,0.99,Parametric,3,903,0.0033222591362126,0.01,0.019137121459665,,0.999206271532839,VaR_Backtesting,,
USDZAR,TGARCH_GARCH,0.99,GARCH,13,903,0.0143964562569214,0.01,0.21284365269469,,0.572553927250098,VaR_Backtesting,,
GBPZAR,sGARCH_norm_Historical,0.95,Historical,20,903,0.0221483942414175,0.05,1.73515939274616e-05,,0.515476796405739,VaR_Backtesting,,
GBPZAR,sGARCH_norm_Parametric,0.95,Parametric,11,903,0.0121816168327796,0.05,5.26708343606686e-10,,0.892526353283848,VaR_Backtesting,,
GBPZAR,sGARCH_norm_GARCH,0.95,GARCH,42,903,0.0465116279069767,0.05,0.626660242003722,,0.302988838015261,VaR_Backtesting,,
GBPZAR,sGARCH_norm_Historical,0.99,Historical,0,903,0.0,0.01,,,1.0,VaR_Backtesting,,
GBPZAR,sGARCH_norm_Parametric,0.99,Parametric,0,903,0.0,0.01,,,1.0,VaR_Backtesting,,
GBPZAR,sGARCH_norm_GARCH,0.99,GARCH,8,903,0.008859357696567,0.01,0.725361830788812,,0.964983090273862,VaR_Backtesting,,
GBPZAR,sGARCH_sstd_Historical,0.95,Historical,20,903,0.0221483942414175,0.05,1.73515939274616e-05,,0.515476796405739,VaR_Backtesting,,
GBPZAR,sGARCH_sstd_Parametric,0.95,Parametric,11,903,0.0121816168327796,0.05,5.26708343606686e-10,,0.892526353283848,VaR_Backtesting,,
GBPZAR,sGARCH_sstd_GARCH,0.95,GARCH,53,903,0.0586932447397564,0.05,0.242840794388642,0.1436176311131,0.596005635760041,VaR_Backtesting,,
GBPZAR,sGARCH_sstd_Historical,0.99,Historical,0,903,0.0,0.01,,,1.0,VaR_Backtesting,,
GBPZAR,sGARCH_sstd_Parametric,0.99,Parametric,0,903,0.0,0.01,,,1.0,VaR_Backtesting,,
GBPZAR,sGARCH_sstd_GARCH,0.99,GARCH,9,903,0.0099667774086378,0.01,0.991990030572707,,0.946380861136648,VaR_Backtesting,,
GBPZAR,eGARCH_Historical,0.95,Historical,20,903,0.0221483942414175,0.05,1.73515939274616e-05,,0.515476796405739,VaR_Backtesting,,
GBPZAR,eGARCH_Parametric,0.95,Parametric,11,903,0.0121816168327796,0.05,5.26708343606686e-10,,0.892526353283848,VaR_Backtesting,,
GBPZAR,eGARCH_GARCH,0.95,GARCH,54,903,0.0598006644518272,0.05,0.189314614442164,0.127820939727484,0.657504651877369,VaR_Backtesting,,
GBPZAR,eGARCH_Historical,0.99,Historical,0,903,0.0,0.01,,,1.0,VaR_Backtesting,,
GBPZAR,eGARCH_Parametric,0.99,Parametric,0,903,0.0,0.01,,,1.0,VaR_Backtesting,,
GBPZAR,eGARCH_GARCH,0.99,GARCH,11,903,0.0121816168327796,0.01,0.5240638502762,,0.892526353283848,VaR_Backtesting,,
GBPZAR,gjrGARCH_Historical,0.95,Historical,20,903,0.0221483942414175,0.05,1.73515939274616e-05,,0.515476796405739,VaR_Backtesting,,
GBPZAR,gjrGARCH_Parametric,0.95,Parametric,11,903,0.0121816168327796,0.05,5.26708343606686e-10,,0.892526353283848,VaR_Backtesting,,
GBPZAR,gjrGARCH_GARCH,0.95,GARCH,52,903,0.0575858250276855,0.05,0.306614797762293,0.160922819728935,0.649200087100155,VaR_Backtesting,,
GBPZAR,gjrGARCH_Historical,0.99,Historical,0,903,0.0,0.01,,,1.0,VaR_Backtesting,,
GBPZAR,gjrGARCH_Parametric,0.99,Parametric,0,903,0.0,0.01,,,1.0,VaR_Backtesting,,
GBPZAR,gjrGARCH_GARCH,0.99,GARCH,8,903,0.008859357696567,0.01,0.725361830788812,,0.964983090273839,VaR_Backtesting,,
GBPZAR,TGARCH_Historical,0.95,Historical,20,903,0.0221483942414175,0.05,1.73515939274616e-05,,0.515476796405739,VaR_Backtesting,,
GBPZAR,TGARCH_Parametric,0.95,Parametric,11,903,0.0121816168327796,0.05,5.26708343606686e-10,,0.892526353283848,VaR_Backtesting,,
GBPZAR,TGARCH_GARCH,0.95,GARCH,54,903,0.0598006644518272,0.05,0.189314614442164,,0.152313967525938,VaR_Backtesting,,
GBPZAR,TGARCH_Historical,0.99,Historical,0,903,0.0,0.01,,,1.0,VaR_Backtesting,,
GBPZAR,TGARCH_Parametric,0.99,Parametric,0,903,0.0,0.01,,,1.0,VaR_Backtesting,,
GBPZAR,TGARCH_GARCH,0.99,GARCH,9,903,0.0099667774086378,0.01,0.991990030572707,,0.946380861136648,VaR_Backtesting,,
EURZAR,sGARCH_norm_Historical,0.95,Historical,15,903,0.0166112956810631,0.05,1.04474616402506e-07,,0.719158925822114,VaR_Backtesting,,
EURZAR,sGARCH_norm_Parametric,0.95,Parametric,8,903,0.008859357696567,0.05,3.85413922998623e-12,,0.964983090273826,VaR_Backtesting,,
EURZAR,sGARCH_norm_GARCH,0.95,GARCH,37,903,0.0409745293466224,0.05,0.199527466970733,0.641801746442309,0.319491692622431,VaR_Backtesting,,
EURZAR,sGARCH_norm_Historical,0.99,Historical,0,903,0.0,0.01,,,1.0,VaR_Backtesting,,
EURZAR,sGARCH_norm_Parametric,0.99,Parametric,0,903,0.0,0.01,,,1.0,VaR_Backtesting,,
EURZAR,sGARCH_norm_GARCH,0.99,GARCH,6,903,0.0066445182724252,0.01,0.280483959269858,,0.988087517633967,VaR_Backtesting,,
EURZAR,sGARCH_sstd_Historical,0.95,Historical,15,903,0.0166112956810631,0.05,1.04474616402506e-07,,0.719158925822114,VaR_Backtesting,,
EURZAR,sGARCH_sstd_Parametric,0.95,Parametric,8,903,0.008859357696567,0.05,3.85413922998623e-12,,0.964983090273826,VaR_Backtesting,,
EURZAR,sGARCH_sstd_GARCH,0.95,GARCH,48,903,0.053156146179402,0.05,0.666512134369931,0.246823896618884,0.229216571339311,VaR_Backtesting,,
EURZAR,sGARCH_sstd_Historical,0.99,Historical,0,903,0.0,0.01,,,1.0,VaR_Backtesting,,
EURZAR,sGARCH_sstd_Parametric,0.99,Parametric,0,903,0.0,0.01,,,1.0,VaR_Backtesting,,
EURZAR,sGARCH_sstd_GARCH,0.99,GARCH,11,903,0.0121816168327796,0.01,0.5240638502762,,0.892526353283837,VaR_Backtesting,,
EURZAR,eGARCH_Historical,0.95,Historical,15,903,0.0166112956810631,0.05,1.04474616402506e-07,,0.719158925822114,VaR_Backtesting,,
EURZAR,eGARCH_Parametric,0.95,Parametric,8,903,0.008859357696567,0.05,3.85413922998623e-12,,0.964983090273826,VaR_Backtesting,,
EURZAR,eGARCH_GARCH,0.95,GARCH,45,903,0.0498338870431894,0.05,0.9817177051124,0.330657583743112,0.0902297986066061,VaR_Backtesting,,
EURZAR,eGARCH_Historical,0.99,Historical,0,903,0.0,0.01,,,1.0,VaR_Backtesting,,
EURZAR,eGARCH_Parametric,0.99,Parametric,0,903,0.0,0.01,,,1.0,VaR_Backtesting,,
EURZAR,eGARCH_GARCH,0.99,GARCH,8,903,0.008859357696567,0.01,0.725361830788812,,0.964983090273826,VaR_Backtesting,,
EURZAR,gjrGARCH_Historical,0.95,Historical,15,903,0.0166112956810631,0.05,1.04474616402506e-07,,0.719158925822114,VaR_Backtesting,,
EURZAR,gjrGARCH_Parametric,0.95,Parametric,8,903,0.008859357696567,0.05,3.85413922998623e-12,,0.964983090273826,VaR_Backtesting,,
EURZAR,gjrGARCH_GARCH,0.95,GARCH,45,903,0.0498338870431894,0.05,0.9817177051124,0.330657583743112,0.187199319796271,VaR_Backtesting,,
EURZAR,gjrGARCH_Historical,0.99,Historical,0,903,0.0,0.01,,,1.0,VaR_Backtesting,,
EURZAR,gjrGARCH_Parametric,0.99,Parametric,0,903,0.0,0.01,,,1.0,VaR_Backtesting,,
EURZAR,gjrGARCH_GARCH,0.99,GARCH,8,903,0.008859357696567,0.01,0.725361830788812,,0.964983090273826,VaR_Backtesting,,
EURZAR,TGARCH_Historical,0.95,Historical,15,903,0.0166112956810631,0.05,1.04474616402506e-07,,0.719158925822114,VaR_Backtesting,,
EURZAR,TGARCH_Parametric,0.95,Parametric,8,903,0.008859357696567,0.05,3.85413922998623e-12,,0.964983090273826,VaR_Backtesting,,
EURZAR,TGARCH_GARCH,0.95,GARCH,45,903,0.0498338870431894,0.05,0.9817177051124,0.330657583743112,0.0902297986065979,VaR_Backtesting,,
EURZAR,TGARCH_Historical,0.99,Historical,0,903,0.0,0.01,,,1.0,VaR_Backtesting,,
EURZAR,TGARCH_Parametric,0.99,Parametric,0,903,0.0,0.01,,,1.0,VaR_Backtesting,,
EURZAR,TGARCH_GARCH,0.99,GARCH,8,903,0.008859357696567,0.01,0.725361830788812,,0.964983090273826,VaR_Backtesting,,
EURUSD,NF_sGARCH,0.95,Historical,226,4515,0.0500553709856035,0.05,,,4.51841832283803e-10,NF_GARCH_Risk,manual,Chrono_Split_NF_GARCH
EURUSD,NF_sGARCH,0.95,Parametric,214,4515,0.0473975636766334,0.05,,,1.7599196066735302e-09,NF_GARCH_Risk,manual,Chrono_Split_NF_GARCH
EURUSD,NF_sGARCH,0.95,NFGARCH,226,4515,0.0500553709856035,0.05,,,4.51841832283803e-10,NF_GARCH_Risk,manual,Chrono_Split_NF_GARCH
EURUSD,NF_sGARCH,0.99,Historical,46,4515,0.010188261351052,0.01,0.899141967893366,0.0916336251962997,0.0001062507912491,NF_GARCH_Risk,manual,Chrono_Split_NF_GARCH
EURUSD,NF_sGARCH,0.99,Parametric,81,4515,0.0179401993355482,0.01,1.40731928666149e-06,0.661834315130635,1.10089008837466e-07,NF_GARCH_Risk,manual,Chrono_Split_NF_GARCH
EURUSD,NF_sGARCH,0.99,NFGARCH,46,4515,0.010188261351052,0.01,0.899141967893366,0.0916336251962997,0.0001062507912491,NF_GARCH_Risk,manual,Chrono_Split_NF_GARCH
GBPUSD,NF_sGARCH,0.95,Historical,226,4515,0.0500553709856035,0.05,,,1.8945085033989e-16,NF_GARCH_Risk,manual,Chrono_Split_NF_GARCH
GBPUSD,NF_sGARCH,0.95,Parametric,174,4515,0.0385382059800664,0.05,0.0002855824688918,2.85040013192628e-06,5.8536677020555506e-15,NF_GARCH_Risk,manual,Chrono_Split_NF_GARCH
GBPUSD,NF_sGARCH,0.95,NFGARCH,226,4515,0.0500553709856035,0.05,,,1.8945085033989e-16,NF_GARCH_Risk,manual,Chrono_Split_NF_GARCH
GBPUSD,NF_sGARCH,0.99,Historical,46,4515,0.010188261351052,0.01,0.899141967893366,8.05004218067396e-05,3.3179448085585203e-19,NF_GARCH_Risk,manual,Chrono_Split_NF_GARCH
GBPUSD,NF_sGARCH,0.99,Parametric,75,4515,0.0166112956810631,0.01,4.55596356817578e-05,2.4147634114513e-08,1.28886969406662e-29,NF_GARCH_Risk,manual,Chrono_Split_NF_GARCH
GBPUSD,NF_sGARCH,0.99,NFGARCH,46,4515,0.010188261351052,0.01,0.899141967893366,8.05004218067396e-05,3.3179448085585203e-19,NF_GARCH_Risk,manual,Chrono_Split_NF_GARCH
GBPCNY,NF_sGARCH,0.95,Historical,226,4515,0.0500553709856035,0.05,,,1.67349063841199e-13,NF_GARCH_Risk,manual,Chrono_Split_NF_GARCH
GBPCNY,NF_sGARCH,0.95,Parametric,174,4515,0.0385382059800664,0.05,0.0002855824688918,0.0001369235318874,4.36430212725356e-13,NF_GARCH_Risk,manual,Chrono_Split_NF_GARCH
GBPCNY,NF_sGARCH,0.95,NFGARCH,226,4515,0.0500553709856035,0.05,,,1.67349063841199e-13,NF_GARCH_Risk,manual,Chrono_Split_NF_GARCH
GBPCNY,NF_sGARCH,0.99,Historical,46,4515,0.010188261351052,0.01,0.899141967893366,8.05004218067396e-05,1.43490205537235e-18,NF_GARCH_Risk,manual,Chrono_Split_NF_GARCH
GBPCNY,NF_sGARCH,0.99,Parametric,66,4515,0.0146179401993355,0.01,0.0035259554516723,3.06431539698337e-07,6.23432595349917e-26,NF_GARCH_Risk,manual,Chrono_Split_NF_GARCH
GBPCNY,NF_sGARCH,0.99,NFGARCH,46,4515,0.010188261351052,0.01,0.899141967893366,8.05004218067396e-05,1.43490205537235e-18,NF_GARCH_Risk,manual,Chrono_Split_NF_GARCH
USDZAR,NF_sGARCH,0.95,Historical,226,4515,0.0500553709856035,0.05,,,0.160956715174239,NF_GARCH_Risk,manual,Chrono_Split_NF_GARCH
USDZAR,NF_sGARCH,0.95,Parametric,162,4515,0.0358803986710963,0.05,4.76544935246181e-06,0.202173987999302,0.000478972752516,NF_GARCH_Risk,manual,Chrono_Split_NF_GARCH
USDZAR,NF_sGARCH,0.95,NFGARCH,226,4515,0.0500553709856035,0.05,,,0.160956715174239,NF_GARCH_Risk,manual,Chrono_Split_NF_GARCH
USDZAR,NF_sGARCH,0.99,Historical,46,4515,0.010188261351052,0.01,0.899141967893366,0.0116498598068107,2.05528974819868e-05,NF_GARCH_Risk,manual,Chrono_Split_NF_GARCH
USDZAR,NF_sGARCH,0.99,Parametric,43,4515,0.0095238095238095,0.01,0.745816715613205,0.0077543838465721,1.76076317008327e-06,NF_GARCH_Risk,manual,Chrono_Split_NF_GARCH
USDZAR,NF_sGARCH,0.99,NFGARCH,46,4515,0.010188261351052,0.01,0.899141967893366,0.0116498598068107,2.05528974819868e-05,NF_GARCH_Risk,manual,Chrono_Split_NF_GARCH
GBPZAR,NF_sGARCH,0.95,Historical,226,4515,0.0500553709856035,0.05,,,0.0047922487168597,NF_GARCH_Risk,manual,Chrono_Split_NF_GARCH
GBPZAR,NF_sGARCH,0.95,Parametric,172,4515,0.0380952380952381,0.05,0.0001310592234069,0.0974899025421484,3.31824742354298e-06,NF_GARCH_Risk,manual,Chrono_Split_NF_GARCH
GBPZAR,NF_sGARCH,0.95,NFGARCH,226,4515,0.0500553709856035,0.05,,,0.0047922487168597,NF_GARCH_Risk,manual,Chrono_Split_NF_GARCH
GBPZAR,NF_sGARCH,0.99,Historical,46,4515,0.010188261351052,0.01,0.899141967893366,0.0116498598068107,3.11536368209126e-10,NF_GARCH_Risk,manual,Chrono_Split_NF_GARCH
GBPZAR,NF_sGARCH,0.99,Parametric,44,4515,0.0097452934662237,0.01,0.862856039564058,0.0089144206746147,1.86312663570302e-11,NF_GARCH_Risk,manual,Chrono_Split_NF_GARCH
GBPZAR,NF_sGARCH,0.99,NFGARCH,46,4515,0.010188261351052,0.01,0.899141967893366,0.0116498598068107,3.11536368209126e-10,NF_GARCH_Risk,manual,Chrono_Split_NF_GARCH
EURZAR,NF_sGARCH,0.95,Historical,226,4515,0.0500553709856035,0.05,,,0.0086826243339432,NF_GARCH_Risk,manual,Chrono_Split_NF_GARCH
EURZAR,NF_sGARCH,0.95,Parametric,169,4515,0.0374307862679956,0.05,5.16492896006637e-05,0.159466790465579,0.118876258078452,NF_GARCH_Risk,manual,Chrono_Split_NF_GARCH
EURZAR,NF_sGARCH,0.95,NFGARCH,226,4515,0.0500553709856035,0.05,,,0.0086826243339432,NF_GARCH_Risk,manual,Chrono_Split_NF_GARCH
EURZAR,NF_sGARCH,0.99,Historical,46,4515,0.010188261351052,0.01,0.899141967893366,0.0010980778359236,4.56381585802262e-09,NF_GARCH_Risk,manual,Chrono_Split_NF_GARCH
EURZAR,NF_sGARCH,0.99,Parametric,48,4515,0.0106312292358804,0.01,0.673056376319821,0.0015484009013992,3.45665704430308e-10,NF_GARCH_Risk,manual,Chrono_Split_NF_GARCH
EURZAR,NF_sGARCH,0.99,NFGARCH,46,4515,0.010188261351052,0.01,0.899141967893366,0.0010980778359236,4.56381585802262e-09,NF_GARCH_Risk,manual,Chrono_Split_NF_GARCH
NVDA,NF_sGARCH,0.95,Historical,226,4515,0.0500553709856035,0.05,,,1.75513467841438e-11,NF_GARCH_Risk,manual,Chrono_Split_NF_GARCH
NVDA,NF_sGARCH,0.95,Parametric,190,4515,0.0420819490586932,0.05,,,1.29452803459042e-13,NF_GARCH_Risk,manual,Chrono_Split_NF_GARCH
NVDA,NF_sGARCH,0.95,NFGARCH,226,4515,0.0500553709856035,0.05,,,1.75513467841438e-11,NF_GARCH_Risk,manual,Chrono_Split_NF_GARCH
NVDA,NF_sGARCH,0.99,Historical,46,4515,0.010188261351052,0.01,0.899141967893366,0.0116498598068107,4.54417360554331e-06,NF_GARCH_Risk,manual,Chrono_Split_NF_GARCH
NVDA,NF_sGARCH,0.99,Parametric,66,4515,0.0146179401993355,0.01,0.0035259554516723,0.0003725646170565,2.5023083364211103e-10,NF_GARCH_Risk,manual,Chrono_Split_NF_GARCH
NVDA,NF_sGARCH,0.99,NFGARCH,46,4515,0.010188261351052,0.01,0.899141967893366,0.0116498598068107,4.54417360554331e-06,NF_GARCH_Risk,manual,Chrono_Split_NF_GARCH
MSFT,NF_sGARCH,0.95,Historical,226,4515,0.0500553709856035,0.05,,,1.4351790762526301e-21,NF_GARCH_Risk,manual,Chrono_Split_NF_GARCH
MSFT,NF_sGARCH,0.95,Parametric,193,4515,0.0427464008859358,0.05,,,9.67973187188906e-23,NF_GARCH_Risk,manual,Chrono_Split_NF_GARCH
MSFT,NF_sGARCH,0.95,NFGARCH,226,4515,0.0500553709856035,0.05,,,1.4351790762526301e-21,NF_GARCH_Risk,manual,Chrono_Split_NF_GARCH
MSFT,NF_sGARCH,0.99,Historical,46,4515,0.010188261351052,0.01,0.899141967893366,8.05004218067396e-05,1.49258097033298e-12,NF_GARCH_Risk,manual,Chrono_Split_NF_GARCH
MSFT,NF_sGARCH,0.99,Parametric,73,4515,0.0161683277962348,0.01,0.0001313452900327,1.86224738564222e-05,2.34407884001742e-19,NF_GARCH_Risk,manual,Chrono_Split_NF_GARCH
MSFT,NF_sGARCH,0.99,NFGARCH,46,4515,0.010188261351052,0.01,0.899141967893366,8.05004218067396e-05,1.49258097033298e-12,NF_GARCH_Risk,manual,Chrono_Split_NF_GARCH
PG,NF_sGARCH,0.95,Historical,226,4515,0.0500553709856035,0.05,,,1.2633562375461702e-19,NF_GARCH_Risk,manual,Chrono_Split_NF_GARCH
PG,NF_sGARCH,0.95,Parametric,177,4515,0.039202657807309,0.05,,0.0,3.17941068899921e-18,NF_GARCH_Risk,manual,Chrono_Split_NF_GARCH
PG,NF_sGARCH,0.95,NFGARCH,226,4515,0.0500553709856035,0.05,,,1.2633562375461702e-19,NF_GARCH_Risk,manual,Chrono_Split_NF_GARCH
PG,NF_sGARCH,0.99,Historical,46,4515,0.010188261351052,0.01,0.899141967893366,0.0010980778359236,3.66541197263807e-16,NF_GARCH_Risk,manual,Chrono_Split_NF_GARCH
PG,NF_sGARCH,0.99,Parametric,86,4515,0.019047619047619,0.01,5.58049361165658e-08,0.0013230356561484,9.98698975680206e-11,NF_GARCH_Risk,manual,Chrono_Split_NF_GARCH
PG,NF_sGARCH,0.99,NFGARCH,46,4515,0.010188261351052,0.01,0.899141967893366,0.0010980778359236,3.66541197263807e-16,NF_GARCH_Risk,manual,Chrono_Split_NF_GARCH
CAT,NF_sGARCH,0.95,Historical,226,4515,0.0500553709856035,0.05,,,1.6107335012744202e-25,NF_GARCH_Risk,manual,Chrono_Split_NF_GARCH
CAT,NF_sGARCH,0.95,Parametric,206,4515,0.04562569213732,0.05,,,2.14832520342528e-28,NF_GARCH_Risk,manual,Chrono_Split_NF_GARCH
CAT,NF_sGARCH,0.95,NFGARCH,226,4515,0.0500553709856035,0.05,,,1.6107335012744202e-25,NF_GARCH_Risk,manual,Chrono_Split_NF_GARCH
CAT,NF_sGARCH,0.99,Historical,46,4515,0.010188261351052,0.01,0.899141967893366,,6.131613016106211e-20,NF_GARCH_Risk,manual,Chrono_Split_NF_GARCH
CAT,NF_sGARCH,0.99,Parametric,83,4515,0.0183831672203765,0.01,4.00780463372108e-07,0.0878203015467606,8.10020526998285e-23,NF_GARCH_Risk,manual,Chrono_Split_NF_GARCH
CAT,NF_sGARCH,0.99,NFGARCH,46,4515,0.010188261351052,0.01,0.899141967893366,,6.131613016106211e-20,NF_GARCH_Risk,manual,Chrono_Split_NF_GARCH
WMT,NF_sGARCH,0.95,Historical,226,4515,0.0500553709856035,0.05,,,2.98703105319217e-05,NF_GARCH_Risk,manual,Chrono_Split_NF_GARCH
WMT,NF_sGARCH,0.95,Parametric,162,4515,0.0358803986710963,0.05,4.76544935246181e-06,0.0025230683658025,5.14779078945299e-09,NF_GARCH_Risk,manual,Chrono_Split_NF_GARCH
WMT,NF_sGARCH,0.95,NFGARCH,226,4515,0.0500553709856035,0.05,,,2.98703105319217e-05,NF_GARCH_Risk,manual,Chrono_Split_NF_GARCH
WMT,NF_sGARCH,0.99,Historical,46,4515,0.010188261351052,0.01,0.899141967893366,0.0916336251962997,2.67657020925512e-09,NF_GARCH_Risk,manual,Chrono_Split_NF_GARCH
WMT,NF_sGARCH,0.99,Parametric,62,4515,0.0137320044296788,0.01,0.0170670231995471,0.0646980843950626,3.89881224555393e-09,NF_GARCH_Risk,manual,Chrono_Split_NF_GARCH
WMT,NF_sGARCH,0.99,NFGARCH,46,4515,0.010188261351052,0.01,0.899141967893366,0.0916336251962997,2.67657020925512e-09,NF_GARCH_Risk,manual,Chrono_Split_NF_GARCH
AMZN,NF_sGARCH,0.95,Historical,226,4515,0.0500553709856035,0.05,,,5.394207058825531e-15,NF_GARCH_Risk,manual,Chrono_Split_NF_GARCH
AMZN,NF_sGARCH,0.95,Parametric,156,4515,0.0345514950166113,0.05,4.85238038527847e-07,2.58783219256875e-05,3.2312513696215297e-18,NF_GARCH_Risk,manual,Chrono_Split_NF_GARCH
AMZN,NF_sGARCH,0.95,NFGARCH,226,4515,0.0500553709856035,0.05,,,5.394207058825531e-15,NF_GARCH_Risk,manual,Chrono_Split_NF_GARCH
AMZN,NF_sGARCH,0.99,Historical,46,4515,0.010188261351052,0.01,0.899141967893366,0.0116498598068107,7.80810140525373e-11,NF_GARCH_Risk,manual,Chrono_Split_NF_GARCH
AMZN,NF_sGARCH,0.99,Parametric,62,4515,0.0137320044296788,0.01,0.0170670231995471,0.0646980843950626,3.33096494471179e-10,NF_GARCH_Risk,manual,Chrono_Split_NF_GARCH
AMZN,NF_sGARCH,0.99,NFGARCH,46,4515,0.010188261351052,0.01,0.899141967893366,0.0116498598068107,7.80810140525373e-11,NF_GARCH_Risk,manual,Chrono_Split_NF_GARCH
EURUSD,NF_sGARCH,0.95,Historical,226,4515,0.0500553709856035,0.05,,,4.51841832283803e-10,NF_GARCH_Risk,manual,Chrono_Split_NF_GARCH
EURUSD,NF_sGARCH,0.95,Parametric,214,4515,0.0473975636766334,0.05,,,1.7599196066735302e-09,NF_GARCH_Risk,manual,Chrono_Split_NF_GARCH
EURUSD,NF_sGARCH,0.95,NFGARCH,226,4515,0.0500553709856035,0.05,,,4.51841832283803e-10,NF_GARCH_Risk,manual,Chrono_Split_NF_GARCH
EURUSD,NF_sGARCH,0.99,Historical,46,4515,0.010188261351052,0.01,0.899141967893366,0.0916336251962997,0.0001062507912491,NF_GARCH_Risk,manual,Chrono_Split_NF_GARCH
EURUSD,NF_sGARCH,0.99,Parametric,81,4515,0.0179401993355482,0.01,1.40731928666149e-06,0.661834315130635,1.10089008837466e-07,NF_GARCH_Risk,manual,Chrono_Split_NF_GARCH
EURUSD,NF_sGARCH,0.99,NFGARCH,46,4515,0.010188261351052,0.01,0.899141967893366,0.0916336251962997,0.0001062507912491,NF_GARCH_Risk,manual,Chrono_Split_NF_GARCH
GBPUSD,NF_sGARCH,0.95,Historical,226,4515,0.0500553709856035,0.05,,,1.8945085033989e-16,NF_GARCH_Risk,manual,Chrono_Split_NF_GARCH
GBPUSD,NF_sGARCH,0.95,Parametric,174,4515,0.0385382059800664,0.05,0.0002855824688918,2.85040013192628e-06,5.8536677020555506e-15,NF_GARCH_Risk,manual,Chrono_Split_NF_GARCH
GBPUSD,NF_sGARCH,0.95,NFGARCH,226,4515,0.0500553709856035,0.05,,,1.8945085033989e-16,NF_GARCH_Risk,manual,Chrono_Split_NF_GARCH
GBPUSD,NF_sGARCH,0.99,Historical,46,4515,0.010188261351052,0.01,0.899141967893366,8.05004218067396e-05,3.3179448085585203e-19,NF_GARCH_Risk,manual,Chrono_Split_NF_GARCH
GBPUSD,NF_sGARCH,0.99,Parametric,75,4515,0.0166112956810631,0.01,4.55596356817578e-05,2.4147634114513e-08,1.28886969406662e-29,NF_GARCH_Risk,manual,Chrono_Split_NF_GARCH
GBPUSD,NF_sGARCH,0.99,NFGARCH,46,4515,0.010188261351052,0.01,0.899141967893366,8.05004218067396e-05,3.3179448085585203e-19,NF_GARCH_Risk,manual,Chrono_Split_NF_GARCH
GBPCNY,NF_sGARCH,0.95,Historical,226,4515,0.0500553709856035,0.05,,,1.67349063841199e-13,NF_GARCH_Risk,manual,Chrono_Split_NF_GARCH
GBPCNY,NF_sGARCH,0.95,Parametric,174,4515,0.0385382059800664,0.05,0.0002855824688918,0.0001369235318874,4.36430212725356e-13,NF_GARCH_Risk,manual,Chrono_Split_NF_GARCH
GBPCNY,NF_sGARCH,0.95,NFGARCH,226,4515,0.0500553709856035,0.05,,,1.67349063841199e-13,NF_GARCH_Risk,manual,Chrono_Split_NF_GARCH
GBPCNY,NF_sGARCH,0.99,Historical,46,4515,0.010188261351052,0.01,0.899141967893366,8.05004218067396e-05,1.43490205537235e-18,NF_GARCH_Risk,manual,Chrono_Split_NF_GARCH
GBPCNY,NF_sGARCH,0.99,Parametric,66,4515,0.0146179401993355,0.01,0.0035259554516723,3.06431539698337e-07,6.23432595349917e-26,NF_GARCH_Risk,manual,Chrono_Split_NF_GARCH
GBPCNY,NF_sGARCH,0.99,NFGARCH,46,4515,0.010188261351052,0.01,0.899141967893366,8.05004218067396e-05,1.43490205537235e-18,NF_GARCH_Risk,manual,Chrono_Split_NF_GARCH
USDZAR,NF_sGARCH,0.95,Historical,226,4515,0.0500553709856035,0.05,,,0.160956715174239,NF_GARCH_Risk,manual,Chrono_Split_NF_GARCH
USDZAR,NF_sGARCH,0.95,Parametric,162,4515,0.0358803986710963,0.05,4.76544935246181e-06,0.202173987999302,0.000478972752516,NF_GARCH_Risk,manual,Chrono_Split_NF_GARCH
USDZAR,NF_sGARCH,0.95,NFGARCH,226,4515,0.0500553709856035,0.05,,,0.160956715174239,NF_GARCH_Risk,manual,Chrono_Split_NF_GARCH
USDZAR,NF_sGARCH,0.99,Historical,46,4515,0.010188261351052,0.01,0.899141967893366,0.0116498598068107,2.05528974819868e-05,NF_GARCH_Risk,manual,Chrono_Split_NF_GARCH
USDZAR,NF_sGARCH,0.99,Parametric,43,4515,0.0095238095238095,0.01,0.745816715613205,0.0077543838465721,1.76076317008327e-06,NF_GARCH_Risk,manual,Chrono_Split_NF_GARCH
USDZAR,NF_sGARCH,0.99,NFGARCH,46,4515,0.010188261351052,0.01,0.899141967893366,0.0116498598068107,2.05528974819868e-05,NF_GARCH_Risk,manual,Chrono_Split_NF_GARCH
GBPZAR,NF_sGARCH,0.95,Historical,226,4515,0.0500553709856035,0.05,,,0.0047922487168597,NF_GARCH_Risk,manual,Chrono_Split_NF_GARCH
GBPZAR,NF_sGARCH,0.95,Parametric,172,4515,0.0380952380952381,0.05,0.0001310592234069,0.0974899025421484,3.31824742354298e-06,NF_GARCH_Risk,manual,Chrono_Split_NF_GARCH
GBPZAR,NF_sGARCH,0.95,NFGARCH,226,4515,0.0500553709856035,0.05,,,0.0047922487168597,NF_GARCH_Risk,manual,Chrono_Split_NF_GARCH
GBPZAR,NF_sGARCH,0.99,Historical,46,4515,0.010188261351052,0.01,0.899141967893366,0.0116498598068107,3.11536368209126e-10,NF_GARCH_Risk,manual,Chrono_Split_NF_GARCH
GBPZAR,NF_sGARCH,0.99,Parametric,44,4515,0.0097452934662237,0.01,0.862856039564058,0.0089144206746147,1.86312663570302e-11,NF_GARCH_Risk,manual,Chrono_Split_NF_GARCH
GBPZAR,NF_sGARCH,0.99,NFGARCH,46,4515,0.010188261351052,0.01,0.899141967893366,0.0116498598068107,3.11536368209126e-10,NF_GARCH_Risk,manual,Chrono_Split_NF_GARCH
EURZAR,NF_sGARCH,0.95,Historical,226,4515,0.0500553709856035,0.05,,,0.0086826243339432,NF_GARCH_Risk,manual,Chrono_Split_NF_GARCH
EURZAR,NF_sGARCH,0.95,Parametric,169,4515,0.0374307862679956,0.05,5.16492896006637e-05,0.159466790465579,0.118876258078452,NF_GARCH_Risk,manual,Chrono_Split_NF_GARCH
EURZAR,NF_sGARCH,0.95,NFGARCH,226,4515,0.0500553709856035,0.05,,,0.0086826243339432,NF_GARCH_Risk,manual,Chrono_Split_NF_GARCH
EURZAR,NF_sGARCH,0.99,Historical,46,4515,0.010188261351052,0.01,0.899141967893366,0.0010980778359236,4.56381585802262e-09,NF_GARCH_Risk,manual,Chrono_Split_NF_GARCH
EURZAR,NF_sGARCH,0.99,Parametric,48,4515,0.0106312292358804,0.01,0.673056376319821,0.0015484009013992,3.45665704430308e-10,NF_GARCH_Risk,manual,Chrono_Split_NF_GARCH
EURZAR,NF_sGARCH,0.99,NFGARCH,46,4515,0.010188261351052,0.01,0.899141967893366,0.0010980778359236,4.56381585802262e-09,NF_GARCH_Risk,manual,Chrono_Split_NF_GARCH
NVDA,NF_sGARCH,0.95,Historical,226,4515,0.0500553709856035,0.05,,,1.75513467841438e-11,NF_GARCH_Risk,manual,Chrono_Split_NF_GARCH
NVDA,NF_sGARCH,0.95,Parametric,190,4515,0.0420819490586932,0.05,,,1.29452803459042e-13,NF_GARCH_Risk,manual,Chrono_Split_NF_GARCH
NVDA,NF_sGARCH,0.95,NFGARCH,226,4515,0.0500553709856035,0.05,,,1.75513467841438e-11,NF_GARCH_Risk,manual,Chrono_Split_NF_GARCH
NVDA,NF_sGARCH,0.99,Historical,46,4515,0.010188261351052,0.01,0.899141967893366,0.0116498598068107,4.54417360554331e-06,NF_GARCH_Risk,manual,Chrono_Split_NF_GARCH
NVDA,NF_sGARCH,0.99,Parametric,66,4515,0.0146179401993355,0.01,0.0035259554516723,0.0003725646170565,2.5023083364211103e-10,NF_GARCH_Risk,manual,Chrono_Split_NF_GARCH
NVDA,NF_sGARCH,0.99,NFGARCH,46,4515,0.010188261351052,0.01,0.899141967893366,0.0116498598068107,4.54417360554331e-06,NF_GARCH_Risk,manual,Chrono_Split_NF_GARCH
MSFT,NF_sGARCH,0.95,Historical,226,4515,0.0500553709856035,0.05,,,1.4351790762526301e-21,NF_GARCH_Risk,manual,Chrono_Split_NF_GARCH
MSFT,NF_sGARCH,0.95,Parametric,193,4515,0.0427464008859358,0.05,,,9.67973187188906e-23,NF_GARCH_Risk,manual,Chrono_Split_NF_GARCH
MSFT,NF_sGARCH,0.95,NFGARCH,226,4515,0.0500553709856035,0.05,,,1.4351790762526301e-21,NF_GARCH_Risk,manual,Chrono_Split_NF_GARCH
MSFT,NF_sGARCH,0.99,Historical,46,4515,0.010188261351052,0.01,0.899141967893366,8.05004218067396e-05,1.49258097033298e-12,NF_GARCH_Risk,manual,Chrono_Split_NF_GARCH
MSFT,NF_sGARCH,0.99,Parametric,73,4515,0.0161683277962348,0.01,0.0001313452900327,1.86224738564222e-05,2.34407884001742e-19,NF_GARCH_Risk,manual,Chrono_Split_NF_GARCH
MSFT,NF_sGARCH,0.99,NFGARCH,46,4515,0.010188261351052,0.01,0.899141967893366,8.05004218067396e-05,1.49258097033298e-12,NF_GARCH_Risk,manual,Chrono_Split_NF_GARCH
PG,NF_sGARCH,0.95,Historical,226,4515,0.0500553709856035,0.05,,,1.2633562375461702e-19,NF_GARCH_Risk,manual,Chrono_Split_NF_GARCH
PG,NF_sGARCH,0.95,Parametric,177,4515,0.039202657807309,0.05,,0.0,3.17941068899921e-18,NF_GARCH_Risk,manual,Chrono_Split_NF_GARCH
PG,NF_sGARCH,0.95,NFGARCH,226,4515,0.0500553709856035,0.05,,,1.2633562375461702e-19,NF_GARCH_Risk,manual,Chrono_Split_NF_GARCH
PG,NF_sGARCH,0.99,Historical,46,4515,0.010188261351052,0.01,0.899141967893366,0.0010980778359236,3.66541197263807e-16,NF_GARCH_Risk,manual,Chrono_Split_NF_GARCH
PG,NF_sGARCH,0.99,Parametric,86,4515,0.019047619047619,0.01,5.58049361165658e-08,0.0013230356561484,9.98698975680206e-11,NF_GARCH_Risk,manual,Chrono_Split_NF_GARCH
PG,NF_sGARCH,0.99,NFGARCH,46,4515,0.010188261351052,0.01,0.899141967893366,0.0010980778359236,3.66541197263807e-16,NF_GARCH_Risk,manual,Chrono_Split_NF_GARCH
CAT,NF_sGARCH,0.95,Historical,226,4515,0.0500553709856035,0.05,,,1.6107335012744202e-25,NF_GARCH_Risk,manual,Chrono_Split_NF_GARCH
CAT,NF_sGARCH,0.95,Parametric,206,4515,0.04562569213732,0.05,,,2.14832520342528e-28,NF_GARCH_Risk,manual,Chrono_Split_NF_GARCH
CAT,NF_sGARCH,0.95,NFGARCH,226,4515,0.0500553709856035,0.05,,,1.6107335012744202e-25,NF_GARCH_Risk,manual,Chrono_Split_NF_GARCH
CAT,NF_sGARCH,0.99,Historical,46,4515,0.010188261351052,0.01,0.899141967893366,,6.131613016106211e-20,NF_GARCH_Risk,manual,Chrono_Split_NF_GARCH
CAT,NF_sGARCH,0.99,Parametric,83,4515,0.0183831672203765,0.01,4.00780463372108e-07,0.0878203015467606,8.10020526998285e-23,NF_GARCH_Risk,manual,Chrono_Split_NF_GARCH
CAT,NF_sGARCH,0.99,NFGARCH,46,4515,0.010188261351052,0.01,0.899141967893366,,6.131613016106211e-20,NF_GARCH_Risk,manual,Chrono_Split_NF_GARCH
WMT,NF_sGARCH,0.95,Historical,226,4515,0.0500553709856035,0.05,,,2.98703105319217e-05,NF_GARCH_Risk,manual,Chrono_Split_NF_GARCH
WMT,NF_sGARCH,0.95,Parametric,162,4515,0.0358803986710963,0.05,4.76544935246181e-06,0.0025230683658025,5.14779078945299e-09,NF_GARCH_Risk,manual,Chrono_Split_NF_GARCH
WMT,NF_sGARCH,0.95,NFGARCH,226,4515,0.0500553709856035,0.05,,,2.98703105319217e-05,NF_GARCH_Risk,manual,Chrono_Split_NF_GARCH
WMT,NF_sGARCH,0.99,Historical,46,4515,0.010188261351052,0.01,0.899141967893366,0.0916336251962997,2.67657020925512e-09,NF_GARCH_Risk,manual,Chrono_Split_NF_GARCH
WMT,NF_sGARCH,0.99,Parametric,62,4515,0.0137320044296788,0.01,0.0170670231995471,0.0646980843950626,3.89881224555393e-09,NF_GARCH_Risk,manual,Chrono_Split_NF_GARCH
WMT,NF_sGARCH,0.99,NFGARCH,46,4515,0.010188261351052,0.01,0.899141967893366,0.0916336251962997,2.67657020925512e-09,NF_GARCH_Risk,manual,Chrono_Split_NF_GARCH
AMZN,NF_sGARCH,0.95,Historical,226,4515,0.0500553709856035,0.05,,,5.394207058825531e-15,NF_GARCH_Risk,manual,Chrono_Split_NF_GARCH
AMZN,NF_sGARCH,0.95,Parametric,156,4515,0.0345514950166113,0.05,4.85238038527847e-07,2.58783219256875e-05,3.2312513696215297e-18,NF_GARCH_Risk,manual,Chrono_Split_NF_GARCH
AMZN,NF_sGARCH,0.95,NFGARCH,226,4515,0.0500553709856035,0.05,,,5.394207058825531e-15,NF_GARCH_Risk,manual,Chrono_Split_NF_GARCH
AMZN,NF_sGARCH,0.99,Historical,46,4515,0.010188261351052,0.01,0.899141967893366,0.0116498598068107,7.80810140525373e-11,NF_GARCH_Risk,manual,Chrono_Split_NF_GARCH
AMZN,NF_sGARCH,0.99,Parametric,62,4515,0.0137320044296788,0.01,0.0170670231995471,0.0646980843950626,3.33096494471179e-10,NF_GARCH_Risk,manual,Chrono_Split_NF_GARCH
AMZN,NF_sGARCH,0.99,NFGARCH,46,4515,0.010188261351052,0.01,0.899141967893366,0.0116498598068107,7.80810140525373e-11,NF_GARCH_Risk,manual,Chrono_Split_NF_GARCH
EURUSD,NF_gjrGARCH,0.95,Historical,226,4515,0.0500553709856035,0.05,,,4.51841832283803e-10,NF_GARCH_Risk,manual,Chrono_Split_NF_GARCH
EURUSD,NF_gjrGARCH,0.95,Parametric,214,4515,0.0473975636766334,0.05,,,1.7599196066735302e-09,NF_GARCH_Risk,manual,Chrono_Split_NF_GARCH
EURUSD,NF_gjrGARCH,0.95,NFGARCH,0,4515,0.0,0.05,,,,NF_GARCH_Risk,manual,Chrono_Split_NF_GARCH
EURUSD,NF_gjrGARCH,0.99,Historical,46,4515,0.010188261351052,0.01,0.899141967893366,0.0916336251962997,0.0001062507912491,NF_GARCH_Risk,manual,Chrono_Split_NF_GARCH
EURUSD,NF_gjrGARCH,0.99,Parametric,81,4515,0.0179401993355482,0.01,1.40731928666149e-06,0.661834315130635,1.10089008837466e-07,NF_GARCH_Risk,manual,Chrono_Split_NF_GARCH
EURUSD,NF_gjrGARCH,0.99,NFGARCH,0,4515,0.0,0.01,,,,NF_GARCH_Risk,manual,Chrono_Split_NF_GARCH
GBPUSD,NF_gjrGARCH,0.95,Historical,226,4515,0.0500553709856035,0.05,,,1.8945085033989e-16,NF_GARCH_Risk,manual,Chrono_Split_NF_GARCH
GBPUSD,NF_gjrGARCH,0.95,Parametric,174,4515,0.0385382059800664,0.05,0.0002855824688918,2.85040013192628e-06,5.8536677020555506e-15,NF_GARCH_Risk,manual,Chrono_Split_NF_GARCH
GBPUSD,NF_gjrGARCH,0.95,NFGARCH,0,4515,0.0,0.05,,,,NF_GARCH_Risk,manual,Chrono_Split_NF_GARCH
GBPUSD,NF_gjrGARCH,0.99,Historical,46,4515,0.010188261351052,0.01,0.899141967893366,8.05004218067396e-05,3.3179448085585203e-19,NF_GARCH_Risk,manual,Chrono_Split_NF_GARCH
GBPUSD,NF_gjrGARCH,0.99,Parametric,75,4515,0.0166112956810631,0.01,4.55596356817578e-05,2.4147634114513e-08,1.28886969406662e-29,NF_GARCH_Risk,manual,Chrono_Split_NF_GARCH
GBPUSD,NF_gjrGARCH,0.99,NFGARCH,0,4515,0.0,0.01,,,,NF_GARCH_Risk,manual,Chrono_Split_NF_GARCH
GBPCNY,NF_gjrGARCH,0.95,Historical,226,4515,0.0500553709856035,0.05,,,1.67349063841199e-13,NF_GARCH_Risk,manual,Chrono_Split_NF_GARCH
GBPCNY,NF_gjrGARCH,0.95,Parametric,174,4515,0.0385382059800664,0.05,0.0002855824688918,0.0001369235318874,4.36430212725356e-13,NF_GARCH_Risk,manual,Chrono_Split_NF_GARCH
GBPCNY,NF_gjrGARCH,0.95,NFGARCH,0,4515,0.0,0.05,,,,NF_GARCH_Risk,manual,Chrono_Split_NF_GARCH
GBPCNY,NF_gjrGARCH,0.99,Historical,46,4515,0.010188261351052,0.01,0.899141967893366,8.05004218067396e-05,1.43490205537235e-18,NF_GARCH_Risk,manual,Chrono_Split_NF_GARCH
GBPCNY,NF_gjrGARCH,0.99,Parametric,66,4515,0.0146179401993355,0.01,0.0035259554516723,3.06431539698337e-07,6.23432595349917e-26,NF_GARCH_Risk,manual,Chrono_Split_NF_GARCH
GBPCNY,NF_gjrGARCH,0.99,NFGARCH,0,4515,0.0,0.01,,,,NF_GARCH_Risk,manual,Chrono_Split_NF_GARCH
USDZAR,NF_gjrGARCH,0.95,Historical,226,4515,0.0500553709856035,0.05,,,0.160956715174239,NF_GARCH_Risk,manual,Chrono_Split_NF_GARCH
USDZAR,NF_gjrGARCH,0.95,Parametric,162,4515,0.0358803986710963,0.05,4.76544935246181e-06,0.202173987999302,0.000478972752516,NF_GARCH_Risk,manual,Chrono_Split_NF_GARCH
USDZAR,NF_gjrGARCH,0.95,NFGARCH,0,4515,0.0,0.05,,,,NF_GARCH_Risk,manual,Chrono_Split_NF_GARCH
USDZAR,NF_gjrGARCH,0.99,Historical,46,4515,0.010188261351052,0.01,0.899141967893366,0.0116498598068107,2.05528974819868e-05,NF_GARCH_Risk,manual,Chrono_Split_NF_GARCH
USDZAR,NF_gjrGARCH,0.99,Parametric,43,4515,0.0095238095238095,0.01,0.745816715613205,0.0077543838465721,1.76076317008327e-06,NF_GARCH_Risk,manual,Chrono_Split_NF_GARCH
USDZAR,NF_gjrGARCH,0.99,NFGARCH,0,4515,0.0,0.01,,,,NF_GARCH_Risk,manual,Chrono_Split_NF_GARCH
GBPZAR,NF_gjrGARCH,0.95,Historical,226,4515,0.0500553709856035,0.05,,,0.0047922487168597,NF_GARCH_Risk,manual,Chrono_Split_NF_GARCH
GBPZAR,NF_gjrGARCH,0.95,Parametric,172,4515,0.0380952380952381,0.05,0.0001310592234069,0.0974899025421484,3.31824742354298e-06,NF_GARCH_Risk,manual,Chrono_Split_NF_GARCH
GBPZAR,NF_gjrGARCH,0.95,NFGARCH,0,4515,0.0,0.05,,,,NF_GARCH_Risk,manual,Chrono_Split_NF_GARCH
GBPZAR,NF_gjrGARCH,0.99,Historical,46,4515,0.010188261351052,0.01,0.899141967893366,0.0116498598068107,3.11536368209126e-10,NF_GARCH_Risk,manual,Chrono_Split_NF_GARCH
GBPZAR,NF_gjrGARCH,0.99,Parametric,44,4515,0.0097452934662237,0.01,0.862856039564058,0.0089144206746147,1.86312663570302e-11,NF_GARCH_Risk,manual,Chrono_Split_NF_GARCH
GBPZAR,NF_gjrGARCH,0.99,NFGARCH,0,4515,0.0,0.01,,,,NF_GARCH_Risk,manual,Chrono_Split_NF_GARCH
EURZAR,NF_gjrGARCH,0.95,Historical,226,4515,0.0500553709856035,0.05,,,0.0086826243339432,NF_GARCH_Risk,manual,Chrono_Split_NF_GARCH
EURZAR,NF_gjrGARCH,0.95,Parametric,169,4515,0.0374307862679956,0.05,5.16492896006637e-05,0.159466790465579,0.118876258078452,NF_GARCH_Risk,manual,Chrono_Split_NF_GARCH
EURZAR,NF_gjrGARCH,0.95,NFGARCH,0,4515,0.0,0.05,,,,NF_GARCH_Risk,manual,Chrono_Split_NF_GARCH
EURZAR,NF_gjrGARCH,0.99,Historical,46,4515,0.010188261351052,0.01,0.899141967893366,0.0010980778359236,4.56381585802262e-09,NF_GARCH_Risk,manual,Chrono_Split_NF_GARCH
EURZAR,NF_gjrGARCH,0.99,Parametric,48,4515,0.0106312292358804,0.01,0.673056376319821,0.0015484009013992,3.45665704430308e-10,NF_GARCH_Risk,manual,Chrono_Split_NF_GARCH
EURZAR,NF_gjrGARCH,0.99,NFGARCH,0,4515,0.0,0.01,,,,NF_GARCH_Risk,manual,Chrono_Split_NF_GARCH
NVDA,NF_gjrGARCH,0.95,Historical,226,4515,0.0500553709856035,0.05,,,1.75513467841438e-11,NF_GARCH_Risk,manual,Chrono_Split_NF_GARCH
NVDA,NF_gjrGARCH,0.95,Parametric,190,4515,0.0420819490586932,0.05,,,1.29452803459042e-13,NF_GARCH_Risk,manual,Chrono_Split_NF_GARCH
NVDA,NF_gjrGARCH,0.95,NFGARCH,0,4515,0.0,0.05,,,,NF_GARCH_Risk,manual,Chrono_Split_NF_GARCH
NVDA,NF_gjrGARCH,0.99,Historical,46,4515,0.010188261351052,0.01,0.899141967893366,0.0116498598068107,4.54417360554331e-06,NF_GARCH_Risk,manual,Chrono_Split_NF_GARCH
NVDA,NF_gjrGARCH,0.99,Parametric,66,4515,0.0146179401993355,0.01,0.0035259554516723,0.0003725646170565,2.5023083364211103e-10,NF_GARCH_Risk,manual,Chrono_Split_NF_GARCH
NVDA,NF_gjrGARCH,0.99,NFGARCH,0,4515,0.0,0.01,,,,NF_GARCH_Risk,manual,Chrono_Split_NF_GARCH
MSFT,NF_gjrGARCH,0.95,Historical,226,4515,0.0500553709856035,0.05,,,1.4351790762526301e-21,NF_GARCH_Risk,manual,Chrono_Split_NF_GARCH
MSFT,NF_gjrGARCH,0.95,Parametric,193,4515,0.0427464008859358,0.05,,,9.67973187188906e-23,NF_GARCH_Risk,manual,Chrono_Split_NF_GARCH
MSFT,NF_gjrGARCH,0.95,NFGARCH,0,4515,0.0,0.05,,,,NF_GARCH_Risk,manual,Chrono_Split_NF_GARCH
MSFT,NF_gjrGARCH,0.99,Historical,46,4515,0.010188261351052,0.01,0.899141967893366,8.05004218067396e-05,1.49258097033298e-12,NF_GARCH_Risk,manual,Chrono_Split_NF_GARCH
MSFT,NF_gjrGARCH,0.99,Parametric,73,4515,0.0161683277962348,0.01,0.0001313452900327,1.86224738564222e-05,2.34407884001742e-19,NF_GARCH_Risk,manual,Chrono_Split_NF_GARCH
MSFT,NF_gjrGARCH,0.99,NFGARCH,0,4515,0.0,0.01,,,,NF_GARCH_Risk,manual,Chrono_Split_NF_GARCH
PG,NF_gjrGARCH,0.95,Historical,226,4515,0.0500553709856035,0.05,,,1.2633562375461702e-19,NF_GARCH_Risk,manual,Chrono_Split_NF_GARCH
PG,NF_gjrGARCH,0.95,Parametric,177,4515,0.039202657807309,0.05,,0.0,3.17941068899921e-18,NF_GARCH_Risk,manual,Chrono_Split_NF_GARCH
PG,NF_gjrGARCH,0.95,NFGARCH,0,4515,0.0,0.05,,,,NF_GARCH_Risk,manual,Chrono_Split_NF_GARCH
PG,NF_gjrGARCH,0.99,Historical,46,4515,0.010188261351052,0.01,0.899141967893366,0.0010980778359236,3.66541197263807e-16,NF_GARCH_Risk,manual,Chrono_Split_NF_GARCH
PG,NF_gjrGARCH,0.99,Parametric,86,4515,0.019047619047619,0.01,5.58049361165658e-08,0.0013230356561484,9.98698975680206e-11,NF_GARCH_Risk,manual,Chrono_Split_NF_GARCH
PG,NF_gjrGARCH,0.99,NFGARCH,0,4515,0.0,0.01,,,,NF_GARCH_Risk,manual,Chrono_Split_NF_GARCH
CAT,NF_gjrGARCH,0.95,Historical,226,4515,0.0500553709856035,0.05,,,1.6107335012744202e-25,NF_GARCH_Risk,manual,Chrono_Split_NF_GARCH
CAT,NF_gjrGARCH,0.95,Parametric,206,4515,0.04562569213732,0.05,,,2.14832520342528e-28,NF_GARCH_Risk,manual,Chrono_Split_NF_GARCH
CAT,NF_gjrGARCH,0.95,NFGARCH,0,4515,0.0,0.05,,,,NF_GARCH_Risk,manual,Chrono_Split_NF_GARCH
CAT,NF_gjrGARCH,0.99,Historical,46,4515,0.010188261351052,0.01,0.899141967893366,,6.131613016106211e-20,NF_GARCH_Risk,manual,Chrono_Split_NF_GARCH
CAT,NF_gjrGARCH,0.99,Parametric,83,4515,0.0183831672203765,0.01,4.00780463372108e-07,0.0878203015467606,8.10020526998285e-23,NF_GARCH_Risk,manual,Chrono_Split_NF_GARCH
CAT,NF_gjrGARCH,0.99,NFGARCH,0,4515,0.0,0.01,,,,NF_GARCH_Risk,manual,Chrono_Split_NF_GARCH
WMT,NF_gjrGARCH,0.95,Historical,226,4515,0.0500553709856035,0.05,,,2.98703105319217e-05,NF_GARCH_Risk,manual,Chrono_Split_NF_GARCH
WMT,NF_gjrGARCH,0.95,Parametric,162,4515,0.0358803986710963,0.05,4.76544935246181e-06,0.0025230683658025,5.14779078945299e-09,NF_GARCH_Risk,manual,Chrono_Split_NF_GARCH
WMT,NF_gjrGARCH,0.95,NFGARCH,0,4515,0.0,0.05,,,,NF_GARCH_Risk,manual,Chrono_Split_NF_GARCH
WMT,NF_gjrGARCH,0.99,Historical,46,4515,0.010188261351052,0.01,0.899141967893366,0.0916336251962997,2.67657020925512e-09,NF_GARCH_Risk,manual,Chrono_Split_NF_GARCH
WMT,NF_gjrGARCH,0.99,Parametric,62,4515,0.0137320044296788,0.01,0.0170670231995471,0.0646980843950626,3.89881224555393e-09,NF_GARCH_Risk,manual,Chrono_Split_NF_GARCH
WMT,NF_gjrGARCH,0.99,NFGARCH,0,4515,0.0,0.01,,,,NF_GARCH_Risk,manual,Chrono_Split_NF_GARCH
AMZN,NF_gjrGARCH,0.95,Historical,226,4515,0.0500553709856035,0.05,,,5.394207058825531e-15,NF_GARCH_Risk,manual,Chrono_Split_NF_GARCH
AMZN,NF_gjrGARCH,0.95,Parametric,156,4515,0.0345514950166113,0.05,4.85238038527847e-07,2.58783219256875e-05,3.2312513696215297e-18,NF_GARCH_Risk,manual,Chrono_Split_NF_GARCH
AMZN,NF_gjrGARCH,0.95,NFGARCH,0,4515,0.0,0.05,,,,NF_GARCH_Risk,manual,Chrono_Split_NF_GARCH
AMZN,NF_gjrGARCH,0.99,Historical,46,4515,0.010188261351052,0.01,0.899141967893366,0.0116498598068107,7.80810140525373e-11,NF_GARCH_Risk,manual,Chrono_Split_NF_GARCH
AMZN,NF_gjrGARCH,0.99,Parametric,62,4515,0.0137320044296788,0.01,0.0170670231995471,0.0646980843950626,3.33096494471179e-10,NF_GARCH_Risk,manual,Chrono_Split_NF_GARCH
AMZN,NF_gjrGARCH,0.99,NFGARCH,0,4515,0.0,0.01,,,,NF_GARCH_Risk,manual,Chrono_Split_NF_GARCH
EURUSD,NF_eGARCH,0.95,Historical,226,4515,0.0500553709856035,0.05,,,4.51841832283803e-10,NF_GARCH_Risk,manual,Chrono_Split_NF_GARCH
EURUSD,NF_eGARCH,0.95,Parametric,214,4515,0.0473975636766334,0.05,,,1.7599196066735302e-09,NF_GARCH_Risk,manual,Chrono_Split_NF_GARCH
EURUSD,NF_eGARCH,0.95,NFGARCH,0,4515,0.0,0.05,,,,NF_GARCH_Risk,manual,Chrono_Split_NF_GARCH
EURUSD,NF_eGARCH,0.99,Historical,46,4515,0.010188261351052,0.01,0.899141967893366,0.0916336251962997,0.0001062507912491,NF_GARCH_Risk,manual,Chrono_Split_NF_GARCH
EURUSD,NF_eGARCH,0.99,Parametric,81,4515,0.0179401993355482,0.01,1.40731928666149e-06,0.661834315130635,1.10089008837466e-07,NF_GARCH_Risk,manual,Chrono_Split_NF_GARCH
EURUSD,NF_eGARCH,0.99,NFGARCH,0,4515,0.0,0.01,,,,NF_GARCH_Risk,manual,Chrono_Split_NF_GARCH
NVDA,NF_eGARCH,0.95,Historical,226,4515,0.0500553709856035,0.05,,,1.75513467841438e-11,NF_GARCH_Risk,manual,Chrono_Split_NF_GARCH
NVDA,NF_eGARCH,0.95,Parametric,190,4515,0.0420819490586932,0.05,,,1.29452803459042e-13,NF_GARCH_Risk,manual,Chrono_Split_NF_GARCH
NVDA,NF_eGARCH,0.95,NFGARCH,0,4515,0.0,0.05,,,,NF_GARCH_Risk,manual,Chrono_Split_NF_GARCH
NVDA,NF_eGARCH,0.99,Historical,46,4515,0.010188261351052,0.01,0.899141967893366,0.0116498598068107,4.54417360554331e-06,NF_GARCH_Risk,manual,Chrono_Split_NF_GARCH
NVDA,NF_eGARCH,0.99,Parametric,66,4515,0.0146179401993355,0.01,0.0035259554516723,0.0003725646170565,2.5023083364211103e-10,NF_GARCH_Risk,manual,Chrono_Split_NF_GARCH
NVDA,NF_eGARCH,0.99,NFGARCH,0,4515,0.0,0.01,,,,NF_GARCH_Risk,manual,Chrono_Split_NF_GARCH
CAT,NF_eGARCH,0.95,Historical,226,4515,0.0500553709856035,0.05,,,1.6107335012744202e-25,NF_GARCH_Risk,manual,Chrono_Split_NF_GARCH
CAT,NF_eGARCH,0.95,Parametric,206,4515,0.04562569213732,0.05,,,2.14832520342528e-28,NF_GARCH_Risk,manual,Chrono_Split_NF_GARCH
CAT,NF_eGARCH,0.95,NFGARCH,0,4515,0.0,0.05,,,,NF_GARCH_Risk,manual,Chrono_Split_NF_GARCH
CAT,NF_eGARCH,0.99,Historical,46,4515,0.010188261351052,0.01,0.899141967893366,,6.131613016106211e-20,NF_GARCH_Risk,manual,Chrono_Split_NF_GARCH
CAT,NF_eGARCH,0.99,Parametric,83,4515,0.0183831672203765,0.01,4.00780463372108e-07,0.0878203015467606,8.10020526998285e-23,NF_GARCH_Risk,manual,Chrono_Split_NF_GARCH
CAT,NF_eGARCH,0.99,NFGARCH,0,4515,0.0,0.01,,,,NF_GARCH_Risk,manual,Chrono_Split_NF_GARCH
EURUSD,NF_fGARCH,0.95,Historical,226,4515,0.0500553709856035,0.05,,,4.51841832283803e-10,NF_GARCH_Risk,manual,Chrono_Split_NF_GARCH
EURUSD,NF_fGARCH,0.95,Parametric,214,4515,0.0473975636766334,0.05,,,1.7599196066735302e-09,NF_GARCH_Risk,manual,Chrono_Split_NF_GARCH
EURUSD,NF_fGARCH,0.95,NFGARCH,226,4515,0.0500553709856035,0.05,,,4.51841832283803e-10,NF_GARCH_Risk,manual,Chrono_Split_NF_GARCH
EURUSD,NF_fGARCH,0.99,Historical,46,4515,0.010188261351052,0.01,0.899141967893366,0.0916336251962997,0.0001062507912491,NF_GARCH_Risk,manual,Chrono_Split_NF_GARCH
EURUSD,NF_fGARCH,0.99,Parametric,81,4515,0.0179401993355482,0.01,1.40731928666149e-06,0.661834315130635,1.10089008837466e-07,NF_GARCH_Risk,manual,Chrono_Split_NF_GARCH
EURUSD,NF_fGARCH,0.99,NFGARCH,46,4515,0.010188261351052,0.01,0.899141967893366,0.0916336251962997,0.0001062507912491,NF_GARCH_Risk,manual,Chrono_Split_NF_GARCH
GBPUSD,NF_fGARCH,0.95,Historical,226,4515,0.0500553709856035,0.05,,,1.8945085033989e-16,NF_GARCH_Risk,manual,Chrono_Split_NF_GARCH
GBPUSD,NF_fGARCH,0.95,Parametric,174,4515,0.0385382059800664,0.05,0.0002855824688918,2.85040013192628e-06,5.8536677020555506e-15,NF_GARCH_Risk,manual,Chrono_Split_NF_GARCH
GBPUSD,NF_fGARCH,0.95,NFGARCH,226,4515,0.0500553709856035,0.05,,,1.8945085033989e-16,NF_GARCH_Risk,manual,Chrono_Split_NF_GARCH
GBPUSD,NF_fGARCH,0.99,Historical,46,4515,0.010188261351052,0.01,0.899141967893366,8.05004218067396e-05,3.3179448085585203e-19,NF_GARCH_Risk,manual,Chrono_Split_NF_GARCH
GBPUSD,NF_fGARCH,0.99,Parametric,75,4515,0.0166112956810631,0.01,4.55596356817578e-05,2.4147634114513e-08,1.28886969406662e-29,NF_GARCH_Risk,manual,Chrono_Split_NF_GARCH
GBPUSD,NF_fGARCH,0.99,NFGARCH,46,4515,0.010188261351052,0.01,0.899141967893366,8.05004218067396e-05,3.3179448085585203e-19,NF_GARCH_Risk,manual,Chrono_Split_NF_GARCH
GBPCNY,NF_fGARCH,0.95,Historical,226,4515,0.0500553709856035,0.05,,,1.67349063841199e-13,NF_GARCH_Risk,manual,Chrono_Split_NF_GARCH
GBPCNY,NF_fGARCH,0.95,Parametric,174,4515,0.0385382059800664,0.05,0.0002855824688918,0.0001369235318874,4.36430212725356e-13,NF_GARCH_Risk,manual,Chrono_Split_NF_GARCH
GBPCNY,NF_fGARCH,0.95,NFGARCH,226,4515,0.0500553709856035,0.05,,,1.67349063841199e-13,NF_GARCH_Risk,manual,Chrono_Split_NF_GARCH
GBPCNY,NF_fGARCH,0.99,Historical,46,4515,0.010188261351052,0.01,0.899141967893366,8.05004218067396e-05,1.43490205537235e-18,NF_GARCH_Risk,manual,Chrono_Split_NF_GARCH
GBPCNY,NF_fGARCH,0.99,Parametric,66,4515,0.0146179401993355,0.01,0.0035259554516723,3.06431539698337e-07,6.23432595349917e-26,NF_GARCH_Risk,manual,Chrono_Split_NF_GARCH
GBPCNY,NF_fGARCH,0.99,NFGARCH,46,4515,0.010188261351052,0.01,0.899141967893366,8.05004218067396e-05,1.43490205537235e-18,NF_GARCH_Risk,manual,Chrono_Split_NF_GARCH
USDZAR,NF_fGARCH,0.95,Historical,226,4515,0.0500553709856035,0.05,,,0.160956715174239,NF_GARCH_Risk,manual,Chrono_Split_NF_GARCH
USDZAR,NF_fGARCH,0.95,Parametric,162,4515,0.0358803986710963,0.05,4.76544935246181e-06,0.202173987999302,0.000478972752516,NF_GARCH_Risk,manual,Chrono_Split_NF_GARCH
USDZAR,NF_fGARCH,0.95,NFGARCH,226,4515,0.0500553709856035,0.05,,,0.160956715174239,NF_GARCH_Risk,manual,Chrono_Split_NF_GARCH
USDZAR,NF_fGARCH,0.99,Historical,46,4515,0.010188261351052,0.01,0.899141967893366,0.0116498598068107,2.05528974819868e-05,NF_GARCH_Risk,manual,Chrono_Split_NF_GARCH
USDZAR,NF_fGARCH,0.99,Parametric,43,4515,0.0095238095238095,0.01,0.745816715613205,0.0077543838465721,1.76076317008327e-06,NF_GARCH_Risk,manual,Chrono_Split_NF_GARCH
USDZAR,NF_fGARCH,0.99,NFGARCH,46,4515,0.010188261351052,0.01,0.899141967893366,0.0116498598068107,2.05528974819868e-05,NF_GARCH_Risk,manual,Chrono_Split_NF_GARCH
GBPZAR,NF_fGARCH,0.95,Historical,226,4515,0.0500553709856035,0.05,,,0.0047922487168597,NF_GARCH_Risk,manual,Chrono_Split_NF_GARCH
GBPZAR,NF_fGARCH,0.95,Parametric,172,4515,0.0380952380952381,0.05,0.0001310592234069,0.0974899025421484,3.31824742354298e-06,NF_GARCH_Risk,manual,Chrono_Split_NF_GARCH
GBPZAR,NF_fGARCH,0.95,NFGARCH,226,4515,0.0500553709856035,0.05,,,0.0047922487168597,NF_GARCH_Risk,manual,Chrono_Split_NF_GARCH
GBPZAR,NF_fGARCH,0.99,Historical,46,4515,0.010188261351052,0.01,0.899141967893366,0.0116498598068107,3.11536368209126e-10,NF_GARCH_Risk,manual,Chrono_Split_NF_GARCH
GBPZAR,NF_fGARCH,0.99,Parametric,44,4515,0.0097452934662237,0.01,0.862856039564058,0.0089144206746147,1.86312663570302e-11,NF_GARCH_Risk,manual,Chrono_Split_NF_GARCH
GBPZAR,NF_fGARCH,0.99,NFGARCH,46,4515,0.010188261351052,0.01,0.899141967893366,0.0116498598068107,3.11536368209126e-10,NF_GARCH_Risk,manual,Chrono_Split_NF_GARCH
EURZAR,NF_fGARCH,0.95,Historical,226,4515,0.0500553709856035,0.05,,,0.0086826243339432,NF_GARCH_Risk,manual,Chrono_Split_NF_GARCH
EURZAR,NF_fGARCH,0.95,Parametric,169,4515,0.0374307862679956,0.05,5.16492896006637e-05,0.159466790465579,0.118876258078452,NF_GARCH_Risk,manual,Chrono_Split_NF_GARCH
EURZAR,NF_fGARCH,0.95,NFGARCH,226,4515,0.0500553709856035,0.05,,,0.0086826243339432,NF_GARCH_Risk,manual,Chrono_Split_NF_GARCH
EURZAR,NF_fGARCH,0.99,Historical,46,4515,0.010188261351052,0.01,0.899141967893366,0.0010980778359236,4.56381585802262e-09,NF_GARCH_Risk,manual,Chrono_Split_NF_GARCH
EURZAR,NF_fGARCH,0.99,Parametric,48,4515,0.0106312292358804,0.01,0.673056376319821,0.0015484009013992,3.45665704430308e-10,NF_GARCH_Risk,manual,Chrono_Split_NF_GARCH
EURZAR,NF_fGARCH,0.99,NFGARCH,46,4515,0.010188261351052,0.01,0.899141967893366,0.0010980778359236,4.56381585802262e-09,NF_GARCH_Risk,manual,Chrono_Split_NF_GARCH
NVDA,NF_fGARCH,0.95,Historical,226,4515,0.0500553709856035,0.05,,,1.75513467841438e-11,NF_GARCH_Risk,manual,Chrono_Split_NF_GARCH
NVDA,NF_fGARCH,0.95,Parametric,190,4515,0.0420819490586932,0.05,,,1.29452803459042e-13,NF_GARCH_Risk,manual,Chrono_Split_NF_GARCH
NVDA,NF_fGARCH,0.95,NFGARCH,226,4515,0.0500553709856035,0.05,,,1.75513467841438e-11,NF_GARCH_Risk,manual,Chrono_Split_NF_GARCH
NVDA,NF_fGARCH,0.99,Historical,46,4515,0.010188261351052,0.01,0.899141967893366,0.0116498598068107,4.54417360554331e-06,NF_GARCH_Risk,manual,Chrono_Split_NF_GARCH
NVDA,NF_fGARCH,0.99,Parametric,66,4515,0.0146179401993355,0.01,0.0035259554516723,0.0003725646170565,2.5023083364211103e-10,NF_GARCH_Risk,manual,Chrono_Split_NF_GARCH
NVDA,NF_fGARCH,0.99,NFGARCH,46,4515,0.010188261351052,0.01,0.899141967893366,0.0116498598068107,4.54417360554331e-06,NF_GARCH_Risk,manual,Chrono_Split_NF_GARCH
MSFT,NF_fGARCH,0.95,Historical,226,4515,0.0500553709856035,0.05,,,1.4351790762526301e-21,NF_GARCH_Risk,manual,Chrono_Split_NF_GARCH
MSFT,NF_fGARCH,0.95,Parametric,193,4515,0.0427464008859358,0.05,,,9.67973187188906e-23,NF_GARCH_Risk,manual,Chrono_Split_NF_GARCH
MSFT,NF_fGARCH,0.95,NFGARCH,226,4515,0.0500553709856035,0.05,,,1.4351790762526301e-21,NF_GARCH_Risk,manual,Chrono_Split_NF_GARCH
MSFT,NF_fGARCH,0.99,Historical,46,4515,0.010188261351052,0.01,0.899141967893366,8.05004218067396e-05,1.49258097033298e-12,NF_GARCH_Risk,manual,Chrono_Split_NF_GARCH
MSFT,NF_fGARCH,0.99,Parametric,73,4515,0.0161683277962348,0.01,0.0001313452900327,1.86224738564222e-05,2.34407884001742e-19,NF_GARCH_Risk,manual,Chrono_Split_NF_GARCH
MSFT,NF_fGARCH,0.99,NFGARCH,46,4515,0.010188261351052,0.01,0.899141967893366,8.05004218067396e-05,1.49258097033298e-12,NF_GARCH_Risk,manual,Chrono_Split_NF_GARCH
PG,NF_fGARCH,0.95,Historical,226,4515,0.0500553709856035,0.05,,,1.2633562375461702e-19,NF_GARCH_Risk,manual,Chrono_Split_NF_GARCH
PG,NF_fGARCH,0.95,Parametric,177,4515,0.039202657807309,0.05,,0.0,3.17941068899921e-18,NF_GARCH_Risk,manual,Chrono_Split_NF_GARCH
PG,NF_fGARCH,0.95,NFGARCH,226,4515,0.0500553709856035,0.05,,,1.2633562375461702e-19,NF_GARCH_Risk,manual,Chrono_Split_NF_GARCH
PG,NF_fGARCH,0.99,Historical,46,4515,0.010188261351052,0.01,0.899141967893366,0.0010980778359236,3.66541197263807e-16,NF_GARCH_Risk,manual,Chrono_Split_NF_GARCH
PG,NF_fGARCH,0.99,Parametric,86,4515,0.019047619047619,0.01,5.58049361165658e-08,0.0013230356561484,9.98698975680206e-11,NF_GARCH_Risk,manual,Chrono_Split_NF_GARCH
PG,NF_fGARCH,0.99,NFGARCH,46,4515,0.010188261351052,0.01,0.899141967893366,0.0010980778359236,3.66541197263807e-16,NF_GARCH_Risk,manual,Chrono_Split_NF_GARCH
CAT,NF_fGARCH,0.95,Historical,226,4515,0.0500553709856035,0.05,,,1.6107335012744202e-25,NF_GARCH_Risk,manual,Chrono_Split_NF_GARCH
CAT,NF_fGARCH,0.95,Parametric,206,4515,0.04562569213732,0.05,,,2.14832520342528e-28,NF_GARCH_Risk,manual,Chrono_Split_NF_GARCH
CAT,NF_fGARCH,0.95,NFGARCH,226,4515,0.0500553709856035,0.05,,,1.6107335012744202e-25,NF_GARCH_Risk,manual,Chrono_Split_NF_GARCH
CAT,NF_fGARCH,0.99,Historical,46,4515,0.010188261351052,0.01,0.899141967893366,,6.131613016106211e-20,NF_GARCH_Risk,manual,Chrono_Split_NF_GARCH
CAT,NF_fGARCH,0.99,Parametric,83,4515,0.0183831672203765,0.01,4.00780463372108e-07,0.0878203015467606,8.10020526998285e-23,NF_GARCH_Risk,manual,Chrono_Split_NF_GARCH
CAT,NF_fGARCH,0.99,NFGARCH,46,4515,0.010188261351052,0.01,0.899141967893366,,6.131613016106211e-20,NF_GARCH_Risk,manual,Chrono_Split_NF_GARCH
WMT,NF_fGARCH,0.95,Historical,226,4515,0.0500553709856035,0.05,,,2.98703105319217e-05,NF_GARCH_Risk,manual,Chrono_Split_NF_GARCH
WMT,NF_fGARCH,0.95,Parametric,162,4515,0.0358803986710963,0.05,4.76544935246181e-06,0.0025230683658025,5.14779078945299e-09,NF_GARCH_Risk,manual,Chrono_Split_NF_GARCH
WMT,NF_fGARCH,0.95,NFGARCH,226,4515,0.0500553709856035,0.05,,,2.98703105319217e-05,NF_GARCH_Risk,manual,Chrono_Split_NF_GARCH
WMT,NF_fGARCH,0.99,Historical,46,4515,0.010188261351052,0.01,0.899141967893366,0.0916336251962997,2.67657020925512e-09,NF_GARCH_Risk,manual,Chrono_Split_NF_GARCH
WMT,NF_fGARCH,0.99,Parametric,62,4515,0.0137320044296788,0.01,0.0170670231995471,0.0646980843950626,3.89881224555393e-09,NF_GARCH_Risk,manual,Chrono_Split_NF_GARCH
WMT,NF_fGARCH,0.99,NFGARCH,46,4515,0.010188261351052,0.01,0.899141967893366,0.0916336251962997,2.67657020925512e-09,NF_GARCH_Risk,manual,Chrono_Split_NF_GARCH
AMZN,NF_fGARCH,0.95,Historical,226,4515,0.0500553709856035,0.05,,,5.394207058825531e-15,NF_GARCH_Risk,manual,Chrono_Split_NF_GARCH
AMZN,NF_fGARCH,0.95,Parametric,156,4515,0.0345514950166113,0.05,4.85238038527847e-07,2.58783219256875e-05,3.2312513696215297e-18,NF_GARCH_Risk,manual,Chrono_Split_NF_GARCH
AMZN,NF_fGARCH,0.95,NFGARCH,226,4515,0.0500553709856035,0.05,,,5.394207058825531e-15,NF_GARCH_Risk,manual,Chrono_Split_NF_GARCH
AMZN,NF_fGARCH,0.99,Historical,46,4515,0.010188261351052,0.01,0.899141967893366,0.0116498598068107,7.80810140525373e-11,NF_GARCH_Risk,manual,Chrono_Split_NF_GARCH
AMZN,NF_fGARCH,0.99,Parametric,62,4515,0.0137320044296788,0.01,0.0170670231995471,0.0646980843950626,3.33096494471179e-10,NF_GARCH_Risk,manual,Chrono_Split_NF_GARCH
AMZN,NF_fGARCH,0.99,NFGARCH,46,4515,0.010188261351052,0.01,0.899141967893366,0.0116498598068107,7.80810140525373e-11,NF_GARCH_Risk,manual,Chrono_Split_NF_GARCH
